2026-08-07T16:22:18.632+08:00  INFO 24908 --- [main] c.zhengyang.PersonalDetailApplication    : Starting PersonalDetailApplication using Java 17.0.12 with PID 24908 (D:\IDEA\IDEAProject\personal_detail\personal-system\target\classes started by 35912 in D:\IDEA\IDEAProject\personal_detail)
2026-08-07T16:22:18.635+08:00  INFO 24908 --- [main] c.zhengyang.PersonalDetailApplication    : No active profile set, falling back to 1 default profile: "default"
2026-08-07T16:22:19.140+08:00  INFO 24908 --- [main] .s.d.r.c.RepositoryConfigurationDelegate : Multiple Spring Data modules found, entering strict repository configuration mode
2026-08-07T16:22:19.143+08:00  INFO 24908 --- [main] .s.d.r.c.RepositoryConfigurationDelegate : Bootstrapping Spring Data Redis repositories in DEFAULT mode.
2026-08-07T16:22:19.164+08:00  INFO 24908 --- [main] .s.d.r.c.RepositoryConfigurationDelegate : Finished Spring Data repository scanning in 6 ms. Found 0 Redis repository interfaces.
2026-08-07T16:22:19.576+08:00  INFO 24908 --- [main] o.s.b.w.embedded.tomcat.TomcatWebServer  : Tomcat initialized with port(s): 8080 (http)
2026-08-07T16:22:19.583+08:00  INFO 24908 --- [main] o.apache.catalina.core.StandardService   : Starting service [Tomcat]
2026-08-07T16:22:19.584+08:00  INFO 24908 --- [main] o.apache.catalina.core.StandardEngine    : Starting Servlet engine: [Apache Tomcat/10.1.5]
2026-08-07T16:22:19.653+08:00  INFO 24908 --- [main] o.a.c.c.C.[Tomcat].[localhost].[/]       : Initializing Spring embedded WebApplicationContext
2026-08-07T16:22:19.654+08:00  INFO 24908 --- [main] w.s.c.ServletWebServerApplicationContext : Root WebApplicationContext: initialization completed in 992 ms
2026-08-07T16:22:20.632+08:00  INFO 24908 --- [main] o.s.b.w.embedded.tomcat.TomcatWebServer  : Tomcat started on port(s): 8080 (http) with context path ''
2026-08-07T16:22:20.638+08:00  INFO 24908 --- [main] c.zhengyang.PersonalDetailApplication    : Started PersonalDetailApplication in 2.326 seconds (process running for 2.769)
2026-08-07T16:26:00.944+08:00  INFO 24908 --- [http-nio-8080-exec-1] o.a.c.c.C.[Tomcat].[localhost].[/]       : Initializing Spring DispatcherServlet 'dispatcherServlet'
2026-08-07T16:26:00.947+08:00  INFO 24908 --- [http-nio-8080-exec-1] o.s.web.servlet.DispatcherServlet        : Initializing Servlet 'dispatcherServlet'
2026-08-07T16:26:00.961+08:00  INFO 24908 --- [http-nio-8080-exec-1] o.s.web.servlet.DispatcherServlet        : Completed initialization in 13 ms
2026-08-07T16:26:01.688+08:00  INFO 24908 --- [http-nio-8080-exec-8] o.springdoc.api.AbstractOpenApiResource  : Init duration for springdoc-openapi is: 259 ms
2026-08-07T16:28:18.650+08:00  INFO 21564 --- [main] c.zhengyang.PersonalDetailApplication    : Starting PersonalDetailApplication using Java 17.0.12 with PID 21564 (D:\IDEA\IDEAProject\personal_detail\personal-system\target\classes started by 35912 in D:\IDEA\IDEAProject\personal_detail)
2026-08-07T16:28:18.652+08:00  INFO 21564 --- [main] c.zhengyang.PersonalDetailApplication    : No active profile set, falling back to 1 default profile: "default"
2026-08-07T16:28:19.176+08:00  INFO 21564 --- [main] .s.d.r.c.RepositoryConfigurationDelegate : Multiple Spring Data modules found, entering strict repository configuration mode
2026-08-07T16:28:19.178+08:00  INFO 21564 --- [main] .s.d.r.c.RepositoryConfigurationDelegate : Bootstrapping Spring Data Redis repositories in DEFAULT mode.
2026-08-07T16:28:19.197+08:00  INFO 21564 --- [main] .s.d.r.c.RepositoryConfigurationDelegate : Finished Spring Data repository scanning in 5 ms. Found 0 Redis repository interfaces.
2026-08-07T16:28:19.666+08:00  INFO 21564 --- [main] o.s.b.w.embedded.tomcat.TomcatWebServer  : Tomcat initialized with port(s): 8080 (http)
2026-08-07T16:28:19.674+08:00  INFO 21564 --- [main] o.apache.catalina.core.StandardService   : Starting service [Tomcat]
2026-08-07T16:28:19.674+08:00  INFO 21564 --- [main] o.apache.catalina.core.StandardEngine    : Starting Servlet engine: [Apache Tomcat/10.1.5]
2026-08-07T16:28:19.744+08:00  INFO 21564 --- [main] o.a.c.c.C.[Tomcat].[localhost].[/]       : Initializing Spring embedded WebApplicationContext
2026-08-07T16:28:19.744+08:00  INFO 21564 --- [main] w.s.c.ServletWebServerApplicationContext : Root WebApplicationContext: initialization completed in 1066 ms
2026-08-07T16:28:20.829+08:00  INFO 21564 --- [main] o.s.b.w.embedded.tomcat.TomcatWebServer  : Tomcat started on port(s): 8080 (http) with context path ''
2026-08-07T16:28:20.839+08:00  INFO 21564 --- [main] c.zhengyang.PersonalDetailApplication    : Started PersonalDetailApplication in 2.506 seconds (process running for 3.016)
2026-08-07T16:28:31.240+08:00  INFO 21564 --- [http-nio-8080-exec-1] o.a.c.c.C.[Tomcat].[localhost].[/]       : Initializing Spring DispatcherServlet 'dispatcherServlet'
2026-08-07T16:28:31.241+08:00  INFO 21564 --- [http-nio-8080-exec-1] o.s.web.servlet.DispatcherServlet        : Initializing Servlet 'dispatcherServlet'
2026-08-07T16:28:31.242+08:00  INFO 21564 --- [http-nio-8080-exec-1] o.s.web.servlet.DispatcherServlet        : Completed initialization in 1 ms
2026-08-07T16:28:31.722+08:00  INFO 21564 --- [http-nio-8080-exec-4] o.springdoc.api.AbstractOpenApiResource  : Init duration for springdoc-openapi is: 229 ms
2026-08-07T17:30:58.746+08:00  INFO 30280 --- [main] c.zhengyang.PersonalDetailApplication    : Starting PersonalDetailApplication using Java 17.0.12 with PID 30280 (D:\IDEA\IDEAProject\personal_detail\personal-system\target\classes started by 35912 in D:\IDEA\IDEAProject\personal_detail)
2026-08-07T17:30:58.749+08:00  INFO 30280 --- [main] c.zhengyang.PersonalDetailApplication    : No active profile set, falling back to 1 default profile: "default"
2026-08-07T17:30:59.239+08:00  INFO 30280 --- [main] .s.d.r.c.RepositoryConfigurationDelegate : Multiple Spring Data modules found, entering strict repository configuration mode
2026-08-07T17:30:59.241+08:00  INFO 30280 --- [main] .s.d.r.c.RepositoryConfigurationDelegate : Bootstrapping Spring Data Redis repositories in DEFAULT mode.
2026-08-07T17:30:59.255+08:00  INFO 30280 --- [main] .s.d.r.c.RepositoryConfigurationDelegate : Finished Spring Data repository scanning in 5 ms. Found 0 Redis repository interfaces.
2026-08-07T17:30:59.654+08:00  INFO 30280 --- [main] o.s.b.w.embedded.tomcat.TomcatWebServer  : Tomcat initialized with port(s): 8080 (http)
2026-08-07T17:30:59.661+08:00  INFO 30280 --- [main] o.apache.catalina.core.StandardService   : Starting service [Tomcat]
2026-08-07T17:30:59.661+08:00  INFO 30280 --- [main] o.apache.catalina.core.StandardEngine    : Starting Servlet engine: [Apache Tomcat/10.1.5]
2026-08-07T17:30:59.725+08:00  INFO 30280 --- [main] o.a.c.c.C.[Tomcat].[localhost].[/]       : Initializing Spring embedded WebApplicationContext
2026-08-07T17:30:59.725+08:00  INFO 30280 --- [main] w.s.c.ServletWebServerApplicationContext : Root WebApplicationContext: initialization completed in 935 ms
2026-08-07T17:31:00.614+08:00  INFO 30280 --- [main] o.s.b.w.embedded.tomcat.TomcatWebServer  : Tomcat started on port(s): 8080 (http) with context path ''
2026-08-07T17:31:00.620+08:00  INFO 30280 --- [main] c.zhengyang.PersonalDetailApplication    : Started PersonalDetailApplication in 2.284 seconds (process running for 2.732)
2026-08-07T17:31:09.870+08:00  INFO 32604 --- [main] c.zhengyang.PersonalDetailApplication    : Starting PersonalDetailApplication using Java 17.0.12 with PID 32604 (D:\IDEA\IDEAProject\personal_detail\personal-system\target\classes started by 35912 in D:\IDEA\IDEAProject\personal_detail)
2026-08-07T17:31:09.872+08:00  INFO 32604 --- [main] c.zhengyang.PersonalDetailApplication    : No active profile set, falling back to 1 default profile: "default"
2026-08-07T17:31:10.353+08:00  INFO 32604 --- [main] .s.d.r.c.RepositoryConfigurationDelegate : Multiple Spring Data modules found, entering strict repository configuration mode
2026-08-07T17:31:10.356+08:00  INFO 32604 --- [main] .s.d.r.c.RepositoryConfigurationDelegate : Bootstrapping Spring Data Redis repositories in DEFAULT mode.
2026-08-07T17:31:10.373+08:00  INFO 32604 --- [main] .s.d.r.c.RepositoryConfigurationDelegate : Finished Spring Data repository scanning in 6 ms. Found 0 Redis repository interfaces.
2026-08-07T17:31:10.793+08:00  INFO 32604 --- [main] o.s.b.w.embedded.tomcat.TomcatWebServer  : Tomcat initialized with port(s): 8080 (http)
2026-08-07T17:31:10.801+08:00  INFO 32604 --- [main] o.apache.catalina.core.StandardService   : Starting service [Tomcat]
2026-08-07T17:31:10.801+08:00  INFO 32604 --- [main] o.apache.catalina.core.StandardEngine    : Starting Servlet engine: [Apache Tomcat/10.1.5]
2026-08-07T17:31:10.868+08:00  INFO 32604 --- [main] o.a.c.c.C.[Tomcat].[localhost].[/]       : Initializing Spring embedded WebApplicationContext
2026-08-07T17:31:10.869+08:00  INFO 32604 --- [main] w.s.c.ServletWebServerApplicationContext : Root WebApplicationContext: initialization completed in 967 ms
2026-08-07T17:31:11.827+08:00  INFO 32604 --- [main] o.s.b.w.embedded.tomcat.TomcatWebServer  : Tomcat started on port(s): 8080 (http) with context path ''
2026-08-07T17:31:11.833+08:00  INFO 32604 --- [main] c.zhengyang.PersonalDetailApplication    : Started PersonalDetailApplication in 2.284 seconds (process running for 3.129)
2026-08-07T17:31:17.411+08:00  INFO 32604 --- [http-nio-8080-exec-1] o.a.c.c.C.[Tomcat].[localhost].[/]       : Initializing Spring DispatcherServlet 'dispatcherServlet'
2026-08-07T17:31:17.411+08:00  INFO 32604 --- [http-nio-8080-exec-1] o.s.web.servlet.DispatcherServlet        : Initializing Servlet 'dispatcherServlet'
2026-08-07T17:31:17.412+08:00  INFO 32604 --- [http-nio-8080-exec-1] o.s.web.servlet.DispatcherServlet        : Completed initialization in 1 ms
2026-08-07T17:31:17.967+08:00  INFO 32604 --- [http-nio-8080-exec-9] o.springdoc.api.AbstractOpenApiResource  : Init duration for springdoc-openapi is: 243 ms
2026-08-07T17:39:27.390+08:00  INFO 32580 --- [main] c.zhengyang.PersonalDetailApplication    : Starting PersonalDetailApplication using Java 17.0.12 with PID 32580 (D:\IDEA\IDEAProject\personal_detail\personal-system\target\classes started by 35912 in D:\IDEA\IDEAProject\personal_detail)
2026-08-07T17:39:27.392+08:00  INFO 32580 --- [main] c.zhengyang.PersonalDetailApplication    : No active profile set, falling back to 1 default profile: "default"
2026-08-07T17:39:27.955+08:00  INFO 32580 --- [main] .s.d.r.c.RepositoryConfigurationDelegate : Multiple Spring Data modules found, entering strict repository configuration mode
2026-08-07T17:39:27.957+08:00  INFO 32580 --- [main] .s.d.r.c.RepositoryConfigurationDelegate : Bootstrapping Spring Data Redis repositories in DEFAULT mode.
2026-08-07T17:39:27.976+08:00  INFO 32580 --- [main] .s.d.r.c.RepositoryConfigurationDelegate : Finished Spring Data repository scanning in 7 ms. Found 0 Redis repository interfaces.
2026-08-07T17:39:28.465+08:00  INFO 32580 --- [main] o.s.b.w.embedded.tomcat.TomcatWebServer  : Tomcat initialized with port(s): 8080 (http)
2026-08-07T17:39:28.474+08:00  INFO 32580 --- [main] o.apache.catalina.core.StandardService   : Starting service [Tomcat]
2026-08-07T17:39:28.474+08:00  INFO 32580 --- [main] o.apache.catalina.core.StandardEngine    : Starting Servlet engine: [Apache Tomcat/10.1.5]
2026-08-07T17:39:28.546+08:00  INFO 32580 --- [main] o.a.c.c.C.[Tomcat].[localhost].[/]       : Initializing Spring embedded WebApplicationContext
2026-08-07T17:39:28.546+08:00  INFO 32580 --- [main] w.s.c.ServletWebServerApplicationContext : Root WebApplicationContext: initialization completed in 1121 ms
2026-08-07T17:39:29.575+08:00  INFO 32580 --- [main] o.s.b.w.embedded.tomcat.TomcatWebServer  : Tomcat started on port(s): 8080 (http) with context path ''
2026-08-07T17:39:29.582+08:00  INFO 32580 --- [main] c.zhengyang.PersonalDetailApplication    : Started PersonalDetailApplication in 2.553 seconds (process running for 3.086)
2026-08-07T17:39:41.693+08:00  INFO 32580 --- [http-nio-8080-exec-1] o.a.c.c.C.[Tomcat].[localhost].[/]       : Initializing Spring DispatcherServlet 'dispatcherServlet'
2026-08-07T17:39:41.693+08:00  INFO 32580 --- [http-nio-8080-exec-1] o.s.web.servlet.DispatcherServlet        : Initializing Servlet 'dispatcherServlet'
2026-08-07T17:39:41.695+08:00  INFO 32580 --- [http-nio-8080-exec-1] o.s.web.servlet.DispatcherServlet        : Completed initialization in 1 ms
2026-08-07T17:39:42.140+08:00  INFO 32580 --- [http-nio-8080-exec-4] o.springdoc.api.AbstractOpenApiResource  : Init duration for springdoc-openapi is: 237 ms
2026-08-07T17:41:00.962+08:00  WARN 32580 --- [http-nio-8080-exec-7] .w.s.m.s.DefaultHandlerExceptionResolver : Resolved [org.springframework.http.converter.HttpMessageNotReadableException: JSON parse error: Unexpected character (',' (code 44)): expected a value]
2026-08-07T17:43:26.699+08:00  WARN 32580 --- [http-nio-8080-exec-9] .w.s.m.s.DefaultHandlerExceptionResolver : Resolved [org.springframework.web.HttpRequestMethodNotSupportedException: Request method 'GET' is not supported]
2026-08-07T17:44:34.237+08:00  INFO 24572 --- [main] c.zhengyang.PersonalDetailApplication    : Starting PersonalDetailApplication using Java 17.0.12 with PID 24572 (D:\IDEA\IDEAProject\personal_detail\personal-system\target\classes started by 35912 in D:\IDEA\IDEAProject\personal_detail)
2026-08-07T17:44:34.239+08:00  INFO 24572 --- [main] c.zhengyang.PersonalDetailApplication    : No active profile set, falling back to 1 default profile: "default"
2026-08-07T17:44:34.741+08:00  INFO 24572 --- [main] .s.d.r.c.RepositoryConfigurationDelegate : Multiple Spring Data modules found, entering strict repository configuration mode
2026-08-07T17:44:34.743+08:00  INFO 24572 --- [main] .s.d.r.c.RepositoryConfigurationDelegate : Bootstrapping Spring Data Redis repositories in DEFAULT mode.
2026-08-07T17:44:34.760+08:00  INFO 24572 --- [main] .s.d.r.c.RepositoryConfigurationDelegate : Finished Spring Data repository scanning in 6 ms. Found 0 Redis repository interfaces.
2026-08-07T17:44:35.197+08:00  INFO 24572 --- [main] o.s.b.w.embedded.tomcat.TomcatWebServer  : Tomcat initialized with port(s): 8080 (http)
2026-08-07T17:44:35.206+08:00  INFO 24572 --- [main] o.apache.catalina.core.StandardService   : Starting service [Tomcat]
2026-08-07T17:44:35.206+08:00  INFO 24572 --- [main] o.apache.catalina.core.StandardEngine    : Starting Servlet engine: [Apache Tomcat/10.1.5]
2026-08-07T17:44:35.270+08:00  INFO 24572 --- [main] o.a.c.c.C.[Tomcat].[localhost].[/]       : Initializing Spring embedded WebApplicationContext
2026-08-07T17:44:35.271+08:00  INFO 24572 --- [main] w.s.c.ServletWebServerApplicationContext : Root WebApplicationContext: initialization completed in 1002 ms
2026-08-07T17:44:37.321+08:00  INFO 24572 --- [main] o.s.b.w.embedded.tomcat.TomcatWebServer  : Tomcat started on port(s): 8080 (http) with context path ''
2026-08-07T17:44:37.334+08:00  INFO 24572 --- [main] c.zhengyang.PersonalDetailApplication    : Started PersonalDetailApplication in 3.442 seconds (process running for 3.892)
2026-08-07T17:44:42.872+08:00  INFO 24572 --- [http-nio-8080-exec-2] o.a.c.c.C.[Tomcat].[localhost].[/]       : Initializing Spring DispatcherServlet 'dispatcherServlet'
2026-08-07T17:44:42.872+08:00  INFO 24572 --- [http-nio-8080-exec-2] o.s.web.servlet.DispatcherServlet        : Initializing Servlet 'dispatcherServlet'
2026-08-07T17:44:42.874+08:00  INFO 24572 --- [http-nio-8080-exec-2] o.s.web.servlet.DispatcherServlet        : Completed initialization in 2 ms
2026-08-07T17:44:42.957+08:00  WARN 24572 --- [http-nio-8080-exec-2] .w.s.m.s.DefaultHandlerExceptionResolver : Resolved [org.springframework.web.HttpRequestMethodNotSupportedException: Request method 'GET' is not supported]
2026-08-07T17:44:55.101+08:00  INFO 32204 --- [main] c.zhengyang.PersonalDetailApplication    : Starting PersonalDetailApplication using Java 17.0.12 with PID 32204 (D:\IDEA\IDEAProject\personal_detail\personal-system\target\classes started by 35912 in D:\IDEA\IDEAProject\personal_detail)
2026-08-07T17:44:55.104+08:00  INFO 32204 --- [main] c.zhengyang.PersonalDetailApplication    : No active profile set, falling back to 1 default profile: "default"
2026-08-07T17:44:55.603+08:00  INFO 32204 --- [main] .s.d.r.c.RepositoryConfigurationDelegate : Multiple Spring Data modules found, entering strict repository configuration mode
2026-08-07T17:44:55.605+08:00  INFO 32204 --- [main] .s.d.r.c.RepositoryConfigurationDelegate : Bootstrapping Spring Data Redis repositories in DEFAULT mode.
2026-08-07T17:44:55.628+08:00  INFO 32204 --- [main] .s.d.r.c.RepositoryConfigurationDelegate : Finished Spring Data repository scanning in 6 ms. Found 0 Redis repository interfaces.
2026-08-07T17:44:56.064+08:00  INFO 32204 --- [main] o.s.b.w.embedded.tomcat.TomcatWebServer  : Tomcat initialized with port(s): 8080 (http)
2026-08-07T17:44:56.071+08:00  INFO 32204 --- [main] o.apache.catalina.core.StandardService   : Starting service [Tomcat]
2026-08-07T17:44:56.072+08:00  INFO 32204 --- [main] o.apache.catalina.core.StandardEngine    : Starting Servlet engine: [Apache Tomcat/10.1.5]
2026-08-07T17:44:56.140+08:00  INFO 32204 --- [main] o.a.c.c.C.[Tomcat].[localhost].[/]       : Initializing Spring embedded WebApplicationContext
2026-08-07T17:44:56.141+08:00  INFO 32204 --- [main] w.s.c.ServletWebServerApplicationContext : Root WebApplicationContext: initialization completed in 1005 ms
2026-08-07T17:44:58.159+08:00  INFO 32204 --- [main] o.s.b.w.embedded.tomcat.TomcatWebServer  : Tomcat started on port(s): 8080 (http) with context path ''
2026-08-07T17:44:58.170+08:00  INFO 32204 --- [main] c.zhengyang.PersonalDetailApplication    : Started PersonalDetailApplication in 3.4 seconds (process running for 3.894)
2026-08-07T17:45:01.240+08:00  INFO 32204 --- [http-nio-8080-exec-2] o.a.c.c.C.[Tomcat].[localhost].[/]       : Initializing Spring DispatcherServlet 'dispatcherServlet'
2026-08-07T17:45:01.240+08:00  INFO 32204 --- [http-nio-8080-exec-2] o.s.web.servlet.DispatcherServlet        : Initializing Servlet 'dispatcherServlet'
2026-08-07T17:45:01.243+08:00  INFO 32204 --- [http-nio-8080-exec-2] o.s.web.servlet.DispatcherServlet        : Completed initialization in 1 ms
2026-08-07T17:45:01.319+08:00  WARN 32204 --- [http-nio-8080-exec-2] .w.s.m.s.DefaultHandlerExceptionResolver : Resolved [org.springframework.web.HttpRequestMethodNotSupportedException: Request method 'GET' is not supported]
2026-08-07T17:45:19.944+08:00  WARN 32204 --- [http-nio-8080-exec-3] .w.s.m.s.DefaultHandlerExceptionResolver : Resolved [org.springframework.http.converter.HttpMessageNotReadableException: JSON parse error: Unexpected character (',' (code 44)): expected a value]
2026-08-07T17:47:07.869+08:00  INFO 32204 --- [http-nio-8080-exec-6] com.zaxxer.hikari.HikariDataSource       : HikariPool-1 - Starting...
2026-08-07T17:47:09.385+08:00 ERROR 32204 --- [http-nio-8080-exec-6] com.zaxxer.hikari.pool.HikariPool        : HikariPool-1 - Exception during pool initialization.

java.sql.SQLException: Access denied for user 'your_db_username'@'localhost' (using password: YES)
	at com.mysql.cj.jdbc.exceptions.SQLError.createSQLException(SQLError.java:129) ~[mysql-connector-j-8.0.32.jar:8.0.32]
	at com.mysql.cj.jdbc.exceptions.SQLExceptionsMapping.translateException(SQLExceptionsMapping.java:122) ~[mysql-connector-j-8.0.32.jar:8.0.32]
	at com.mysql.cj.jdbc.ConnectionImpl.createNewIO(ConnectionImpl.java:824) ~[mysql-connector-j-8.0.32.jar:8.0.32]
	at com.mysql.cj.jdbc.ConnectionImpl.<init>(ConnectionImpl.java:444) ~[mysql-connector-j-8.0.32.jar:8.0.32]
	at com.mysql.cj.jdbc.ConnectionImpl.getInstance(ConnectionImpl.java:237) ~[mysql-connector-j-8.0.32.jar:8.0.32]
	at com.mysql.cj.jdbc.NonRegisteringDriver.connect(NonRegisteringDriver.java:198) ~[mysql-connector-j-8.0.32.jar:8.0.32]
	at com.zaxxer.hikari.util.DriverDataSource.getConnection(DriverDataSource.java:138) ~[HikariCP-5.0.1.jar:na]
	at com.zaxxer.hikari.pool.PoolBase.newConnection(PoolBase.java:359) ~[HikariCP-5.0.1.jar:na]
	at com.zaxxer.hikari.pool.PoolBase.newPoolEntry(PoolBase.java:201) ~[HikariCP-5.0.1.jar:na]
	at com.zaxxer.hikari.pool.HikariPool.createPoolEntry(HikariPool.java:470) ~[HikariCP-5.0.1.jar:na]
	at com.zaxxer.hikari.pool.HikariPool.checkFailFast(HikariPool.java:561) ~[HikariCP-5.0.1.jar:na]
	at com.zaxxer.hikari.pool.HikariPool.<init>(HikariPool.java:100) ~[HikariCP-5.0.1.jar:na]
	at com.zaxxer.hikari.HikariDataSource.getConnection(HikariDataSource.java:112) ~[HikariCP-5.0.1.jar:na]
	at org.springframework.jdbc.datasource.DataSourceTransactionManager.doBegin(DataSourceTransactionManager.java:265) ~[spring-jdbc-6.0.4.jar:6.0.4]
	at org.springframework.transaction.support.AbstractPlatformTransactionManager.startTransaction(AbstractPlatformTransactionManager.java:400) ~[spring-tx-6.0.4.jar:6.0.4]
	at org.springframework.transaction.support.AbstractPlatformTransactionManager.getTransaction(AbstractPlatformTransactionManager.java:373) ~[spring-tx-6.0.4.jar:6.0.4]
	at org.springframework.transaction.interceptor.TransactionAspectSupport.createTransactionIfNecessary(TransactionAspectSupport.java:595) ~[spring-tx-6.0.4.jar:6.0.4]
	at org.springframework.transaction.interceptor.TransactionAspectSupport.invokeWithinTransaction(TransactionAspectSupport.java:382) ~[spring-tx-6.0.4.jar:6.0.4]
	at org.springframework.transaction.interceptor.TransactionInterceptor.invoke(TransactionInterceptor.java:119) ~[spring-tx-6.0.4.jar:6.0.4]
	at org.springframework.aop.framework.ReflectiveMethodInvocation.proceed(ReflectiveMethodInvocation.java:184) ~[spring-aop-6.0.4.jar:6.0.4]
	at org.springframework.aop.framework.CglibAopProxy$CglibMethodInvocation.proceed(CglibAopProxy.java:752) ~[spring-aop-6.0.4.jar:6.0.4]
	at org.springframework.aop.framework.CglibAopProxy$DynamicAdvisedInterceptor.intercept(CglibAopProxy.java:703) ~[spring-aop-6.0.4.jar:6.0.4]
	at com.zhengyang.service.serviceimpl.LoginServiceImpl$$SpringCGLIB$$0.register(<generated>) ~[classes/:na]
	at com.zhengyang.controller.LoginController.register(LoginController.java:47) ~[classes/:na]
	at java.base/jdk.internal.reflect.NativeMethodAccessorImpl.invoke0(Native Method) ~[na:na]
	at java.base/jdk.internal.reflect.NativeMethodAccessorImpl.invoke(NativeMethodAccessorImpl.java:77) ~[na:na]
	at java.base/jdk.internal.reflect.DelegatingMethodAccessorImpl.invoke(DelegatingMethodAccessorImpl.java:43) ~[na:na]
	at java.base/java.lang.reflect.Method.invoke(Method.java:568) ~[na:na]
	at org.springframework.web.method.support.InvocableHandlerMethod.doInvoke(InvocableHandlerMethod.java:207) ~[spring-web-6.0.4.jar:6.0.4]
	at org.springframework.web.method.support.InvocableHandlerMethod.invokeForRequest(InvocableHandlerMethod.java:152) ~[spring-web-6.0.4.jar:6.0.4]
	at org.springframework.web.servlet.mvc.method.annotation.ServletInvocableHandlerMethod.invokeAndHandle(ServletInvocableHandlerMethod.java:117) ~[spring-webmvc-6.0.4.jar:6.0.4]
	at org.springframework.web.servlet.mvc.method.annotation.RequestMappingHandlerAdapter.invokeHandlerMethod(RequestMappingHandlerAdapter.java:884) ~[spring-webmvc-6.0.4.jar:6.0.4]
	at org.springframework.web.servlet.mvc.method.annotation.RequestMappingHandlerAdapter.handleInternal(RequestMappingHandlerAdapter.java:797) ~[spring-webmvc-6.0.4.jar:6.0.4]
	at org.springframework.web.servlet.mvc.method.AbstractHandlerMethodAdapter.handle(AbstractHandlerMethodAdapter.java:87) ~[spring-webmvc-6.0.4.jar:6.0.4]
	at org.springframework.web.servlet.DispatcherServlet.doDispatch(DispatcherServlet.java:1080) ~[spring-webmvc-6.0.4.jar:6.0.4]
	at org.springframework.web.servlet.DispatcherServlet.doService(DispatcherServlet.java:973) ~[spring-webmvc-6.0.4.jar:6.0.4]
	at org.springframework.web.servlet.FrameworkServlet.processRequest(FrameworkServlet.java:1011) ~[spring-webmvc-6.0.4.jar:6.0.4]
	at org.springframework.web.servlet.FrameworkServlet.doPost(FrameworkServlet.java:914) ~[spring-webmvc-6.0.4.jar:6.0.4]
	at jakarta.servlet.http.HttpServlet.service(HttpServlet.java:731) ~[tomcat-embed-core-10.1.5.jar:6.0]
	at org.springframework.web.servlet.FrameworkServlet.service(FrameworkServlet.java:885) ~[spring-webmvc-6.0.4.jar:6.0.4]
	at jakarta.servlet.http.HttpServlet.service(HttpServlet.java:814) ~[tomcat-embed-core-10.1.5.jar:6.0]
	at org.apache.catalina.core.ApplicationFilterChain.internalDoFilter(ApplicationFilterChain.java:223) ~[tomcat-embed-core-10.1.5.jar:10.1.5]
	at org.apache.catalina.core.ApplicationFilterChain.doFilter(ApplicationFilterChain.java:158) ~[tomcat-embed-core-10.1.5.jar:10.1.5]
	at org.apache.tomcat.websocket.server.WsFilter.doFilter(WsFilter.java:53) ~[tomcat-embed-websocket-10.1.5.jar:10.1.5]
	at org.apache.catalina.core.ApplicationFilterChain.internalDoFilter(ApplicationFilterChain.java:185) ~[tomcat-embed-core-10.1.5.jar:10.1.5]
	at org.apache.catalina.core.ApplicationFilterChain.doFilter(ApplicationFilterChain.java:158) ~[tomcat-embed-core-10.1.5.jar:10.1.5]
	at org.springframework.web.filter.RequestContextFilter.doFilterInternal(RequestContextFilter.java:100) ~[spring-web-6.0.4.jar:6.0.4]
	at org.springframework.web.filter.OncePerRequestFilter.doFilter(OncePerRequestFilter.java:116) ~[spring-web-6.0.4.jar:6.0.4]
	at org.apache.catalina.core.ApplicationFilterChain.internalDoFilter(ApplicationFilterChain.java:185) ~[tomcat-embed-core-10.1.5.jar:10.1.5]
	at org.apache.catalina.core.ApplicationFilterChain.doFilter(ApplicationFilterChain.java:158) ~[tomcat-embed-core-10.1.5.jar:10.1.5]
	at org.springframework.web.filter.FormContentFilter.doFilterInternal(FormContentFilter.java:93) ~[spring-web-6.0.4.jar:6.0.4]
	at org.springframework.web.filter.OncePerRequestFilter.doFilter(OncePerRequestFilter.java:116) ~[spring-web-6.0.4.jar:6.0.4]
	at org.apache.catalina.core.ApplicationFilterChain.internalDoFilter(ApplicationFilterChain.java:185) ~[tomcat-embed-core-10.1.5.jar:10.1.5]
	at org.apache.catalina.core.ApplicationFilterChain.doFilter(ApplicationFilterChain.java:158) ~[tomcat-embed-core-10.1.5.jar:10.1.5]
	at org.springframework.web.filter.CharacterEncodingFilter.doFilterInternal(CharacterEncodingFilter.java:201) ~[spring-web-6.0.4.jar:6.0.4]
	at org.springframework.web.filter.OncePerRequestFilter.doFilter(OncePerRequestFilter.java:116) ~[spring-web-6.0.4.jar:6.0.4]
	at org.apache.catalina.core.ApplicationFilterChain.internalDoFilter(ApplicationFilterChain.java:185) ~[tomcat-embed-core-10.1.5.jar:10.1.5]
	at org.apache.catalina.core.ApplicationFilterChain.doFilter(ApplicationFilterChain.java:158) ~[tomcat-embed-core-10.1.5.jar:10.1.5]
	at org.apache.catalina.core.StandardWrapperValve.invoke(StandardWrapperValve.java:177) ~[tomcat-embed-core-10.1.5.jar:10.1.5]
	at org.apache.catalina.core.StandardContextValve.invoke(StandardContextValve.java:97) ~[tomcat-embed-core-10.1.5.jar:10.1.5]
	at org.apache.catalina.authenticator.AuthenticatorBase.invoke(AuthenticatorBase.java:542) ~[tomcat-embed-core-10.1.5.jar:10.1.5]
	at org.apache.catalina.core.StandardHostValve.invoke(StandardHostValve.java:119) ~[tomcat-embed-core-10.1.5.jar:10.1.5]
	at org.apache.catalina.valves.ErrorReportValve.invoke(ErrorReportValve.java:92) ~[tomcat-embed-core-10.1.5.jar:10.1.5]
	at org.apache.catalina.core.StandardEngineValve.invoke(StandardEngineValve.java:78) ~[tomcat-embed-core-10.1.5.jar:10.1.5]
	at org.apache.catalina.connector.CoyoteAdapter.service(CoyoteAdapter.java:357) ~[tomcat-embed-core-10.1.5.jar:10.1.5]
	at org.apache.coyote.http11.Http11Processor.service(Http11Processor.java:400) ~[tomcat-embed-core-10.1.5.jar:10.1.5]
	at org.apache.coyote.AbstractProcessorLight.process(AbstractProcessorLight.java:65) ~[tomcat-embed-core-10.1.5.jar:10.1.5]
	at org.apache.coyote.AbstractProtocol$ConnectionHandler.process(AbstractProtocol.java:859) ~[tomcat-embed-core-10.1.5.jar:10.1.5]
	at org.apache.tomcat.util.net.NioEndpoint$SocketProcessor.doRun(NioEndpoint.java:1734) ~[tomcat-embed-core-10.1.5.jar:10.1.5]
	at org.apache.tomcat.util.net.SocketProcessorBase.run(SocketProcessorBase.java:52) ~[tomcat-embed-core-10.1.5.jar:10.1.5]
	at org.apache.tomcat.util.threads.ThreadPoolExecutor.runWorker(ThreadPoolExecutor.java:1191) ~[tomcat-embed-core-10.1.5.jar:10.1.5]
	at org.apache.tomcat.util.threads.ThreadPoolExecutor$Worker.run(ThreadPoolExecutor.java:659) ~[tomcat-embed-core-10.1.5.jar:10.1.5]
	at org.apache.tomcat.util.threads.TaskThread$WrappingRunnable.run(TaskThread.java:61) ~[tomcat-embed-core-10.1.5.jar:10.1.5]
	at java.base/java.lang.Thread.run(Thread.java:842) ~[na:na]

2026-08-07T17:47:09.396+08:00 ERROR 32204 --- [http-nio-8080-exec-6] o.a.c.c.C.[.[.[/].[dispatcherServlet]    : Servlet.service() for servlet [dispatcherServlet] in context with path [] threw exception [Request processing failed: org.springframework.transaction.CannotCreateTransactionException: Could not open JDBC Connection for transaction] with root cause

java.sql.SQLException: Access denied for user 'your_db_username'@'localhost' (using password: YES)
	at com.mysql.cj.jdbc.exceptions.SQLError.createSQLException(SQLError.java:129) ~[mysql-connector-j-8.0.32.jar:8.0.32]
	at com.mysql.cj.jdbc.exceptions.SQLExceptionsMapping.translateException(SQLExceptionsMapping.java:122) ~[mysql-connector-j-8.0.32.jar:8.0.32]
	at com.mysql.cj.jdbc.ConnectionImpl.createNewIO(ConnectionImpl.java:824) ~[mysql-connector-j-8.0.32.jar:8.0.32]
	at com.mysql.cj.jdbc.ConnectionImpl.<init>(ConnectionImpl.java:444) ~[mysql-connector-j-8.0.32.jar:8.0.32]
	at com.mysql.cj.jdbc.ConnectionImpl.getInstance(ConnectionImpl.java:237) ~[mysql-connector-j-8.0.32.jar:8.0.32]
	at com.mysql.cj.jdbc.NonRegisteringDriver.connect(NonRegisteringDriver.java:198) ~[mysql-connector-j-8.0.32.jar:8.0.32]
	at com.zaxxer.hikari.util.DriverDataSource.getConnection(DriverDataSource.java:138) ~[HikariCP-5.0.1.jar:na]
	at com.zaxxer.hikari.pool.PoolBase.newConnection(PoolBase.java:359) ~[HikariCP-5.0.1.jar:na]
	at com.zaxxer.hikari.pool.PoolBase.newPoolEntry(PoolBase.java:201) ~[HikariCP-5.0.1.jar:na]
	at com.zaxxer.hikari.pool.HikariPool.createPoolEntry(HikariPool.java:470) ~[HikariCP-5.0.1.jar:na]
	at com.zaxxer.hikari.pool.HikariPool.checkFailFast(HikariPool.java:561) ~[HikariCP-5.0.1.jar:na]
	at com.zaxxer.hikari.pool.HikariPool.<init>(HikariPool.java:100) ~[HikariCP-5.0.1.jar:na]
	at com.zaxxer.hikari.HikariDataSource.getConnection(HikariDataSource.java:112) ~[HikariCP-5.0.1.jar:na]
	at org.springframework.jdbc.datasource.DataSourceTransactionManager.doBegin(DataSourceTransactionManager.java:265) ~[spring-jdbc-6.0.4.jar:6.0.4]
	at org.springframework.transaction.support.AbstractPlatformTransactionManager.startTransaction(AbstractPlatformTransactionManager.java:400) ~[spring-tx-6.0.4.jar:6.0.4]
	at org.springframework.transaction.support.AbstractPlatformTransactionManager.getTransaction(AbstractPlatformTransactionManager.java:373) ~[spring-tx-6.0.4.jar:6.0.4]
	at org.springframework.transaction.interceptor.TransactionAspectSupport.createTransactionIfNecessary(TransactionAspectSupport.java:595) ~[spring-tx-6.0.4.jar:6.0.4]
	at org.springframework.transaction.interceptor.TransactionAspectSupport.invokeWithinTransaction(TransactionAspectSupport.java:382) ~[spring-tx-6.0.4.jar:6.0.4]
	at org.springframework.transaction.interceptor.TransactionInterceptor.invoke(TransactionInterceptor.java:119) ~[spring-tx-6.0.4.jar:6.0.4]
	at org.springframework.aop.framework.ReflectiveMethodInvocation.proceed(ReflectiveMethodInvocation.java:184) ~[spring-aop-6.0.4.jar:6.0.4]
	at org.springframework.aop.framework.CglibAopProxy$CglibMethodInvocation.proceed(CglibAopProxy.java:752) ~[spring-aop-6.0.4.jar:6.0.4]
	at org.springframework.aop.framework.CglibAopProxy$DynamicAdvisedInterceptor.intercept(CglibAopProxy.java:703) ~[spring-aop-6.0.4.jar:6.0.4]
	at com.zhengyang.service.serviceimpl.LoginServiceImpl$$SpringCGLIB$$0.register(<generated>) ~[classes/:na]
	at com.zhengyang.controller.LoginController.register(LoginController.java:47) ~[classes/:na]
	at java.base/jdk.internal.reflect.NativeMethodAccessorImpl.invoke0(Native Method) ~[na:na]
	at java.base/jdk.internal.reflect.NativeMethodAccessorImpl.invoke(NativeMethodAccessorImpl.java:77) ~[na:na]
	at java.base/jdk.internal.reflect.DelegatingMethodAccessorImpl.invoke(DelegatingMethodAccessorImpl.java:43) ~[na:na]
	at java.base/java.lang.reflect.Method.invoke(Method.java:568) ~[na:na]
	at org.springframework.web.method.support.InvocableHandlerMethod.doInvoke(InvocableHandlerMethod.java:207) ~[spring-web-6.0.4.jar:6.0.4]
	at org.springframework.web.method.support.InvocableHandlerMethod.invokeForRequest(InvocableHandlerMethod.java:152) ~[spring-web-6.0.4.jar:6.0.4]
	at org.springframework.web.servlet.mvc.method.annotation.ServletInvocableHandlerMethod.invokeAndHandle(ServletInvocableHandlerMethod.java:117) ~[spring-webmvc-6.0.4.jar:6.0.4]
	at org.springframework.web.servlet.mvc.method.annotation.RequestMappingHandlerAdapter.invokeHandlerMethod(RequestMappingHandlerAdapter.java:884) ~[spring-webmvc-6.0.4.jar:6.0.4]
	at org.springframework.web.servlet.mvc.method.annotation.RequestMappingHandlerAdapter.handleInternal(RequestMappingHandlerAdapter.java:797) ~[spring-webmvc-6.0.4.jar:6.0.4]
	at org.springframework.web.servlet.mvc.method.AbstractHandlerMethodAdapter.handle(AbstractHandlerMethodAdapter.java:87) ~[spring-webmvc-6.0.4.jar:6.0.4]
	at org.springframework.web.servlet.DispatcherServlet.doDispatch(DispatcherServlet.java:1080) ~[spring-webmvc-6.0.4.jar:6.0.4]
	at org.springframework.web.servlet.DispatcherServlet.doService(DispatcherServlet.java:973) ~[spring-webmvc-6.0.4.jar:6.0.4]
	at org.springframework.web.servlet.FrameworkServlet.processRequest(FrameworkServlet.java:1011) ~[spring-webmvc-6.0.4.jar:6.0.4]
	at org.springframework.web.servlet.FrameworkServlet.doPost(FrameworkServlet.java:914) ~[spring-webmvc-6.0.4.jar:6.0.4]
	at jakarta.servlet.http.HttpServlet.service(HttpServlet.java:731) ~[tomcat-embed-core-10.1.5.jar:6.0]
	at org.springframework.web.servlet.FrameworkServlet.service(FrameworkServlet.java:885) ~[spring-webmvc-6.0.4.jar:6.0.4]
	at jakarta.servlet.http.HttpServlet.service(HttpServlet.java:814) ~[tomcat-embed-core-10.1.5.jar:6.0]
	at org.apache.catalina.core.ApplicationFilterChain.internalDoFilter(ApplicationFilterChain.java:223) ~[tomcat-embed-core-10.1.5.jar:10.1.5]
	at org.apache.catalina.core.ApplicationFilterChain.doFilter(ApplicationFilterChain.java:158) ~[tomcat-embed-core-10.1.5.jar:10.1.5]
	at org.apache.tomcat.websocket.server.WsFilter.doFilter(WsFilter.java:53) ~[tomcat-embed-websocket-10.1.5.jar:10.1.5]
	at org.apache.catalina.core.ApplicationFilterChain.internalDoFilter(ApplicationFilterChain.java:185) ~[tomcat-embed-core-10.1.5.jar:10.1.5]
	at org.apache.catalina.core.ApplicationFilterChain.doFilter(ApplicationFilterChain.java:158) ~[tomcat-embed-core-10.1.5.jar:10.1.5]
	at org.springframework.web.filter.RequestContextFilter.doFilterInternal(RequestContextFilter.java:100) ~[spring-web-6.0.4.jar:6.0.4]
	at org.springframework.web.filter.OncePerRequestFilter.doFilter(OncePerRequestFilter.java:116) ~[spring-web-6.0.4.jar:6.0.4]
	at org.apache.catalina.core.ApplicationFilterChain.internalDoFilter(ApplicationFilterChain.java:185) ~[tomcat-embed-core-10.1.5.jar:10.1.5]
	at org.apache.catalina.core.ApplicationFilterChain.doFilter(ApplicationFilterChain.java:158) ~[tomcat-embed-core-10.1.5.jar:10.1.5]
	at org.springframework.web.filter.FormContentFilter.doFilterInternal(FormContentFilter.java:93) ~[spring-web-6.0.4.jar:6.0.4]
	at org.springframework.web.filter.OncePerRequestFilter.doFilter(OncePerRequestFilter.java:116) ~[spring-web-6.0.4.jar:6.0.4]
	at org.apache.catalina.core.ApplicationFilterChain.internalDoFilter(ApplicationFilterChain.java:185) ~[tomcat-embed-core-10.1.5.jar:10.1.5]
	at org.apache.catalina.core.ApplicationFilterChain.doFilter(ApplicationFilterChain.java:158) ~[tomcat-embed-core-10.1.5.jar:10.1.5]
	at org.springframework.web.filter.CharacterEncodingFilter.doFilterInternal(CharacterEncodingFilter.java:201) ~[spring-web-6.0.4.jar:6.0.4]
	at org.springframework.web.filter.OncePerRequestFilter.doFilter(OncePerRequestFilter.java:116) ~[spring-web-6.0.4.jar:6.0.4]
	at org.apache.catalina.core.ApplicationFilterChain.internalDoFilter(ApplicationFilterChain.java:185) ~[tomcat-embed-core-10.1.5.jar:10.1.5]
	at org.apache.catalina.core.ApplicationFilterChain.doFilter(ApplicationFilterChain.java:158) ~[tomcat-embed-core-10.1.5.jar:10.1.5]
	at org.apache.catalina.core.StandardWrapperValve.invoke(StandardWrapperValve.java:177) ~[tomcat-embed-core-10.1.5.jar:10.1.5]
	at org.apache.catalina.core.StandardContextValve.invoke(StandardContextValve.java:97) ~[tomcat-embed-core-10.1.5.jar:10.1.5]
	at org.apache.catalina.authenticator.AuthenticatorBase.invoke(AuthenticatorBase.java:542) ~[tomcat-embed-core-10.1.5.jar:10.1.5]
	at org.apache.catalina.core.StandardHostValve.invoke(StandardHostValve.java:119) ~[tomcat-embed-core-10.1.5.jar:10.1.5]
	at org.apache.catalina.valves.ErrorReportValve.invoke(ErrorReportValve.java:92) ~[tomcat-embed-core-10.1.5.jar:10.1.5]
	at org.apache.catalina.core.StandardEngineValve.invoke(StandardEngineValve.java:78) ~[tomcat-embed-core-10.1.5.jar:10.1.5]
	at org.apache.catalina.connector.CoyoteAdapter.service(CoyoteAdapter.java:357) ~[tomcat-embed-core-10.1.5.jar:10.1.5]
	at org.apache.coyote.http11.Http11Processor.service(Http11Processor.java:400) ~[tomcat-embed-core-10.1.5.jar:10.1.5]
	at org.apache.coyote.AbstractProcessorLight.process(AbstractProcessorLight.java:65) ~[tomcat-embed-core-10.1.5.jar:10.1.5]
	at org.apache.coyote.AbstractProtocol$ConnectionHandler.process(AbstractProtocol.java:859) ~[tomcat-embed-core-10.1.5.jar:10.1.5]
	at org.apache.tomcat.util.net.NioEndpoint$SocketProcessor.doRun(NioEndpoint.java:1734) ~[tomcat-embed-core-10.1.5.jar:10.1.5]
	at org.apache.tomcat.util.net.SocketProcessorBase.run(SocketProcessorBase.java:52) ~[tomcat-embed-core-10.1.5.jar:10.1.5]
	at org.apache.tomcat.util.threads.ThreadPoolExecutor.runWorker(ThreadPoolExecutor.java:1191) ~[tomcat-embed-core-10.1.5.jar:10.1.5]
	at org.apache.tomcat.util.threads.ThreadPoolExecutor$Worker.run(ThreadPoolExecutor.java:659) ~[tomcat-embed-core-10.1.5.jar:10.1.5]
	at org.apache.tomcat.util.threads.TaskThread$WrappingRunnable.run(TaskThread.java:61) ~[tomcat-embed-core-10.1.5.jar:10.1.5]
	at java.base/java.lang.Thread.run(Thread.java:842) ~[na:na]

2026-08-07T17:48:23.387+08:00  INFO 32156 --- [main] c.zhengyang.PersonalDetailApplication    : Starting PersonalDetailApplication using Java 17.0.12 with PID 32156 (D:\IDEA\IDEAProject\personal_detail\personal-system\target\classes started by 35912 in D:\IDEA\IDEAProject\personal_detail)
2026-08-07T17:48:23.389+08:00  INFO 32156 --- [main] c.zhengyang.PersonalDetailApplication    : No active profile set, falling back to 1 default profile: "default"
2026-08-07T17:48:23.897+08:00  INFO 32156 --- [main] .s.d.r.c.RepositoryConfigurationDelegate : Multiple Spring Data modules found, entering strict repository configuration mode
2026-08-07T17:48:23.899+08:00  INFO 32156 --- [main] .s.d.r.c.RepositoryConfigurationDelegate : Bootstrapping Spring Data Redis repositories in DEFAULT mode.
2026-08-07T17:48:23.918+08:00  INFO 32156 --- [main] .s.d.r.c.RepositoryConfigurationDelegate : Finished Spring Data repository scanning in 6 ms. Found 0 Redis repository interfaces.
2026-08-07T17:48:24.353+08:00  INFO 32156 --- [main] o.s.b.w.embedded.tomcat.TomcatWebServer  : Tomcat initialized with port(s): 8080 (http)
2026-08-07T17:48:24.361+08:00  INFO 32156 --- [main] o.apache.catalina.core.StandardService   : Starting service [Tomcat]
2026-08-07T17:48:24.361+08:00  INFO 32156 --- [main] o.apache.catalina.core.StandardEngine    : Starting Servlet engine: [Apache Tomcat/10.1.5]
2026-08-07T17:48:24.432+08:00  INFO 32156 --- [main] o.a.c.c.C.[Tomcat].[localhost].[/]       : Initializing Spring embedded WebApplicationContext
2026-08-07T17:48:24.432+08:00  INFO 32156 --- [main] w.s.c.ServletWebServerApplicationContext : Root WebApplicationContext: initialization completed in 1010 ms
2026-08-07T17:48:26.484+08:00  INFO 32156 --- [main] o.s.b.w.embedded.tomcat.TomcatWebServer  : Tomcat started on port(s): 8080 (http) with context path ''
2026-08-07T17:48:26.504+08:00  INFO 32156 --- [main] c.zhengyang.PersonalDetailApplication    : Started PersonalDetailApplication in 3.439 seconds (process running for 3.908)
2026-08-07T17:48:29.151+08:00  INFO 32156 --- [http-nio-8080-exec-1] o.a.c.c.C.[Tomcat].[localhost].[/]       : Initializing Spring DispatcherServlet 'dispatcherServlet'
2026-08-07T17:48:29.151+08:00  INFO 32156 --- [http-nio-8080-exec-1] o.s.web.servlet.DispatcherServlet        : Initializing Servlet 'dispatcherServlet'
2026-08-07T17:48:29.153+08:00  INFO 32156 --- [http-nio-8080-exec-1] o.s.web.servlet.DispatcherServlet        : Completed initialization in 2 ms
2026-08-07T17:48:31.275+08:00  INFO 32156 --- [http-nio-8080-exec-1] com.zaxxer.hikari.HikariDataSource       : HikariPool-1 - Starting...
2026-08-07T17:48:31.826+08:00  INFO 32156 --- [http-nio-8080-exec-1] com.zaxxer.hikari.pool.HikariPool        : HikariPool-1 - Added connection com.mysql.cj.jdbc.ConnectionImpl@74b51e5e
2026-08-07T17:48:31.830+08:00  INFO 32156 --- [http-nio-8080-exec-1] com.zaxxer.hikari.HikariDataSource       : HikariPool-1 - Start completed.
2026-08-07T17:48:31.874+08:00 ERROR 32156 --- [http-nio-8080-exec-1] o.a.c.c.C.[.[.[/].[dispatcherServlet]    : Servlet.service() for servlet [dispatcherServlet] in context with path [] threw exception [Request processing failed: org.apache.ibatis.binding.BindingException: Invalid bound statement (not found): com.zhengyang.mapping.UserMapper.selectList] with root cause

org.apache.ibatis.binding.BindingException: Invalid bound statement (not found): com.zhengyang.mapping.UserMapper.selectList
	at org.apache.ibatis.binding.MapperMethod$SqlCommand.<init>(MapperMethod.java:235) ~[mybatis-3.5.11.jar:3.5.11]
	at org.apache.ibatis.binding.MapperMethod.<init>(MapperMethod.java:53) ~[mybatis-3.5.11.jar:3.5.11]
	at org.apache.ibatis.binding.MapperProxy.lambda$cachedInvoker$0(MapperProxy.java:108) ~[mybatis-3.5.11.jar:3.5.11]
	at java.base/java.util.concurrent.ConcurrentHashMap.computeIfAbsent(ConcurrentHashMap.java:1740) ~[na:na]
	at org.apache.ibatis.util.MapUtil.computeIfAbsent(MapUtil.java:35) ~[mybatis-3.5.11.jar:3.5.11]
	at org.apache.ibatis.binding.MapperProxy.cachedInvoker(MapperProxy.java:95) ~[mybatis-3.5.11.jar:3.5.11]
	at org.apache.ibatis.binding.MapperProxy.invoke(MapperProxy.java:86) ~[mybatis-3.5.11.jar:3.5.11]
	at jdk.proxy2/jdk.proxy2.$Proxy77.selectList(Unknown Source) ~[na:na]
	at com.baomidou.mybatisplus.core.mapper.BaseMapper.selectOne(BaseMapper.java:173) ~[mybatis-plus-core-3.5.0.jar:3.5.0]
	at java.base/java.lang.invoke.MethodHandle.invokeWithArguments(MethodHandle.java:732) ~[na:na]
	at org.apache.ibatis.binding.MapperProxy$DefaultMethodInvoker.invoke(MapperProxy.java:159) ~[mybatis-3.5.11.jar:3.5.11]
	at org.apache.ibatis.binding.MapperProxy.invoke(MapperProxy.java:86) ~[mybatis-3.5.11.jar:3.5.11]
	at jdk.proxy2/jdk.proxy2.$Proxy77.selectOne(Unknown Source) ~[na:na]
	at com.baomidou.mybatisplus.extension.service.impl.ServiceImpl.getOne(ServiceImpl.java:202) ~[mybatis-plus-extension-3.5.0.jar:3.5.0]
	at com.baomidou.mybatisplus.extension.service.IService.getOne(IService.java:320) ~[mybatis-plus-extension-3.5.0.jar:3.5.0]
	at com.zhengyang.service.serviceimpl.LoginServiceImpl.register(LoginServiceImpl.java:71) ~[classes/:na]
	at java.base/jdk.internal.reflect.NativeMethodAccessorImpl.invoke0(Native Method) ~[na:na]
	at java.base/jdk.internal.reflect.NativeMethodAccessorImpl.invoke(NativeMethodAccessorImpl.java:77) ~[na:na]
	at java.base/jdk.internal.reflect.DelegatingMethodAccessorImpl.invoke(DelegatingMethodAccessorImpl.java:43) ~[na:na]
	at java.base/java.lang.reflect.Method.invoke(Method.java:568) ~[na:na]
	at org.springframework.aop.support.AopUtils.invokeJoinpointUsingReflection(AopUtils.java:343) ~[spring-aop-6.0.4.jar:6.0.4]
	at org.springframework.aop.framework.ReflectiveMethodInvocation.invokeJoinpoint(ReflectiveMethodInvocation.java:196) ~[spring-aop-6.0.4.jar:6.0.4]
	at org.springframework.aop.framework.ReflectiveMethodInvocation.proceed(ReflectiveMethodInvocation.java:163) ~[spring-aop-6.0.4.jar:6.0.4]
	at org.springframework.aop.framework.CglibAopProxy$CglibMethodInvocation.proceed(CglibAopProxy.java:752) ~[spring-aop-6.0.4.jar:6.0.4]
	at org.springframework.transaction.interceptor.TransactionInterceptor$1.proceedWithInvocation(TransactionInterceptor.java:123) ~[spring-tx-6.0.4.jar:6.0.4]
	at org.springframework.transaction.interceptor.TransactionAspectSupport.invokeWithinTransaction(TransactionAspectSupport.java:388) ~[spring-tx-6.0.4.jar:6.0.4]
	at org.springframework.transaction.interceptor.TransactionInterceptor.invoke(TransactionInterceptor.java:119) ~[spring-tx-6.0.4.jar:6.0.4]
	at org.springframework.aop.framework.ReflectiveMethodInvocation.proceed(ReflectiveMethodInvocation.java:184) ~[spring-aop-6.0.4.jar:6.0.4]
	at org.springframework.aop.framework.CglibAopProxy$CglibMethodInvocation.proceed(CglibAopProxy.java:752) ~[spring-aop-6.0.4.jar:6.0.4]
	at org.springframework.aop.framework.CglibAopProxy$DynamicAdvisedInterceptor.intercept(CglibAopProxy.java:703) ~[spring-aop-6.0.4.jar:6.0.4]
	at com.zhengyang.service.serviceimpl.LoginServiceImpl$$SpringCGLIB$$0.register(<generated>) ~[classes/:na]
	at com.zhengyang.controller.LoginController.register(LoginController.java:47) ~[classes/:na]
	at java.base/jdk.internal.reflect.NativeMethodAccessorImpl.invoke0(Native Method) ~[na:na]
	at java.base/jdk.internal.reflect.NativeMethodAccessorImpl.invoke(NativeMethodAccessorImpl.java:77) ~[na:na]
	at java.base/jdk.internal.reflect.DelegatingMethodAccessorImpl.invoke(DelegatingMethodAccessorImpl.java:43) ~[na:na]
	at java.base/java.lang.reflect.Method.invoke(Method.java:568) ~[na:na]
	at org.springframework.web.method.support.InvocableHandlerMethod.doInvoke(InvocableHandlerMethod.java:207) ~[spring-web-6.0.4.jar:6.0.4]
	at org.springframework.web.method.support.InvocableHandlerMethod.invokeForRequest(InvocableHandlerMethod.java:152) ~[spring-web-6.0.4.jar:6.0.4]
	at org.springframework.web.servlet.mvc.method.annotation.ServletInvocableHandlerMethod.invokeAndHandle(ServletInvocableHandlerMethod.java:117) ~[spring-webmvc-6.0.4.jar:6.0.4]
	at org.springframework.web.servlet.mvc.method.annotation.RequestMappingHandlerAdapter.invokeHandlerMethod(RequestMappingHandlerAdapter.java:884) ~[spring-webmvc-6.0.4.jar:6.0.4]
	at org.springframework.web.servlet.mvc.method.annotation.RequestMappingHandlerAdapter.handleInternal(RequestMappingHandlerAdapter.java:797) ~[spring-webmvc-6.0.4.jar:6.0.4]
	at org.springframework.web.servlet.mvc.method.AbstractHandlerMethodAdapter.handle(AbstractHandlerMethodAdapter.java:87) ~[spring-webmvc-6.0.4.jar:6.0.4]
	at org.springframework.web.servlet.DispatcherServlet.doDispatch(DispatcherServlet.java:1080) ~[spring-webmvc-6.0.4.jar:6.0.4]
	at org.springframework.web.servlet.DispatcherServlet.doService(DispatcherServlet.java:973) ~[spring-webmvc-6.0.4.jar:6.0.4]
	at org.springframework.web.servlet.FrameworkServlet.processRequest(FrameworkServlet.java:1011) ~[spring-webmvc-6.0.4.jar:6.0.4]
	at org.springframework.web.servlet.FrameworkServlet.doPost(FrameworkServlet.java:914) ~[spring-webmvc-6.0.4.jar:6.0.4]
	at jakarta.servlet.http.HttpServlet.service(HttpServlet.java:731) ~[tomcat-embed-core-10.1.5.jar:6.0]
	at org.springframework.web.servlet.FrameworkServlet.service(FrameworkServlet.java:885) ~[spring-webmvc-6.0.4.jar:6.0.4]
	at jakarta.servlet.http.HttpServlet.service(HttpServlet.java:814) ~[tomcat-embed-core-10.1.5.jar:6.0]
	at org.apache.catalina.core.ApplicationFilterChain.internalDoFilter(ApplicationFilterChain.java:223) ~[tomcat-embed-core-10.1.5.jar:10.1.5]
	at org.apache.catalina.core.ApplicationFilterChain.doFilter(ApplicationFilterChain.java:158) ~[tomcat-embed-core-10.1.5.jar:10.1.5]
	at org.apache.tomcat.websocket.server.WsFilter.doFilter(WsFilter.java:53) ~[tomcat-embed-websocket-10.1.5.jar:10.1.5]
	at org.apache.catalina.core.ApplicationFilterChain.internalDoFilter(ApplicationFilterChain.java:185) ~[tomcat-embed-core-10.1.5.jar:10.1.5]
	at org.apache.catalina.core.ApplicationFilterChain.doFilter(ApplicationFilterChain.java:158) ~[tomcat-embed-core-10.1.5.jar:10.1.5]
	at org.springframework.web.filter.RequestContextFilter.doFilterInternal(RequestContextFilter.java:100) ~[spring-web-6.0.4.jar:6.0.4]
	at org.springframework.web.filter.OncePerRequestFilter.doFilter(OncePerRequestFilter.java:116) ~[spring-web-6.0.4.jar:6.0.4]
	at org.apache.catalina.core.ApplicationFilterChain.internalDoFilter(ApplicationFilterChain.java:185) ~[tomcat-embed-core-10.1.5.jar:10.1.5]
	at org.apache.catalina.core.ApplicationFilterChain.doFilter(ApplicationFilterChain.java:158) ~[tomcat-embed-core-10.1.5.jar:10.1.5]
	at org.springframework.web.filter.FormContentFilter.doFilterInternal(FormContentFilter.java:93) ~[spring-web-6.0.4.jar:6.0.4]
	at org.springframework.web.filter.OncePerRequestFilter.doFilter(OncePerRequestFilter.java:116) ~[spring-web-6.0.4.jar:6.0.4]
	at org.apache.catalina.core.ApplicationFilterChain.internalDoFilter(ApplicationFilterChain.java:185) ~[tomcat-embed-core-10.1.5.jar:10.1.5]
	at org.apache.catalina.core.ApplicationFilterChain.doFilter(ApplicationFilterChain.java:158) ~[tomcat-embed-core-10.1.5.jar:10.1.5]
	at org.springframework.web.filter.CharacterEncodingFilter.doFilterInternal(CharacterEncodingFilter.java:201) ~[spring-web-6.0.4.jar:6.0.4]
	at org.springframework.web.filter.OncePerRequestFilter.doFilter(OncePerRequestFilter.java:116) ~[spring-web-6.0.4.jar:6.0.4]
	at org.apache.catalina.core.ApplicationFilterChain.internalDoFilter(ApplicationFilterChain.java:185) ~[tomcat-embed-core-10.1.5.jar:10.1.5]
	at org.apache.catalina.core.ApplicationFilterChain.doFilter(ApplicationFilterChain.java:158) ~[tomcat-embed-core-10.1.5.jar:10.1.5]
	at org.apache.catalina.core.StandardWrapperValve.invoke(StandardWrapperValve.java:177) ~[tomcat-embed-core-10.1.5.jar:10.1.5]
	at org.apache.catalina.core.StandardContextValve.invoke(StandardContextValve.java:97) ~[tomcat-embed-core-10.1.5.jar:10.1.5]
	at org.apache.catalina.authenticator.AuthenticatorBase.invoke(AuthenticatorBase.java:542) ~[tomcat-embed-core-10.1.5.jar:10.1.5]
	at org.apache.catalina.core.StandardHostValve.invoke(StandardHostValve.java:119) ~[tomcat-embed-core-10.1.5.jar:10.1.5]
	at org.apache.catalina.valves.ErrorReportValve.invoke(ErrorReportValve.java:92) ~[tomcat-embed-core-10.1.5.jar:10.1.5]
	at org.apache.catalina.core.StandardEngineValve.invoke(StandardEngineValve.java:78) ~[tomcat-embed-core-10.1.5.jar:10.1.5]
	at org.apache.catalina.connector.CoyoteAdapter.service(CoyoteAdapter.java:357) ~[tomcat-embed-core-10.1.5.jar:10.1.5]
	at org.apache.coyote.http11.Http11Processor.service(Http11Processor.java:400) ~[tomcat-embed-core-10.1.5.jar:10.1.5]
	at org.apache.coyote.AbstractProcessorLight.process(AbstractProcessorLight.java:65) ~[tomcat-embed-core-10.1.5.jar:10.1.5]
	at org.apache.coyote.AbstractProtocol$ConnectionHandler.process(AbstractProtocol.java:859) ~[tomcat-embed-core-10.1.5.jar:10.1.5]
	at org.apache.tomcat.util.net.NioEndpoint$SocketProcessor.doRun(NioEndpoint.java:1734) ~[tomcat-embed-core-10.1.5.jar:10.1.5]
	at org.apache.tomcat.util.net.SocketProcessorBase.run(SocketProcessorBase.java:52) ~[tomcat-embed-core-10.1.5.jar:10.1.5]
	at org.apache.tomcat.util.threads.ThreadPoolExecutor.runWorker(ThreadPoolExecutor.java:1191) ~[tomcat-embed-core-10.1.5.jar:10.1.5]
	at org.apache.tomcat.util.threads.ThreadPoolExecutor$Worker.run(ThreadPoolExecutor.java:659) ~[tomcat-embed-core-10.1.5.jar:10.1.5]
	at org.apache.tomcat.util.threads.TaskThread$WrappingRunnable.run(TaskThread.java:61) ~[tomcat-embed-core-10.1.5.jar:10.1.5]
	at java.base/java.lang.Thread.run(Thread.java:842) ~[na:na]

2026-08-07T17:51:07.445+08:00  INFO 32156 --- [SpringApplicationShutdownHook] com.zaxxer.hikari.HikariDataSource       : HikariPool-1 - Shutdown initiated...
2026-08-07T17:51:07.453+08:00  INFO 32156 --- [SpringApplicationShutdownHook] com.zaxxer.hikari.HikariDataSource       : HikariPool-1 - Shutdown completed.
2026-08-07T17:51:09.413+08:00  INFO 17316 --- [main] c.zhengyang.PersonalDetailApplication    : Starting PersonalDetailApplication using Java 17.0.12 with PID 17316 (D:\IDEA\IDEAProject\personal_detail\personal-system\target\classes started by 35912 in D:\IDEA\IDEAProject\personal_detail)
2026-08-07T17:51:09.415+08:00  INFO 17316 --- [main] c.zhengyang.PersonalDetailApplication    : No active profile set, falling back to 1 default profile: "default"
2026-08-07T17:51:09.993+08:00  INFO 17316 --- [main] .s.d.r.c.RepositoryConfigurationDelegate : Multiple Spring Data modules found, entering strict repository configuration mode
2026-08-07T17:51:09.995+08:00  INFO 17316 --- [main] .s.d.r.c.RepositoryConfigurationDelegate : Bootstrapping Spring Data Redis repositories in DEFAULT mode.
2026-08-07T17:51:10.016+08:00  INFO 17316 --- [main] .s.d.r.c.RepositoryConfigurationDelegate : Finished Spring Data repository scanning in 7 ms. Found 0 Redis repository interfaces.
2026-08-07T17:51:10.455+08:00  INFO 17316 --- [main] o.s.b.w.embedded.tomcat.TomcatWebServer  : Tomcat initialized with port(s): 8080 (http)
2026-08-07T17:51:10.464+08:00  INFO 17316 --- [main] o.apache.catalina.core.StandardService   : Starting service [Tomcat]
2026-08-07T17:51:10.464+08:00  INFO 17316 --- [main] o.apache.catalina.core.StandardEngine    : Starting Servlet engine: [Apache Tomcat/10.1.5]
2026-08-07T17:51:10.530+08:00  INFO 17316 --- [main] o.a.c.c.C.[Tomcat].[localhost].[/]       : Initializing Spring embedded WebApplicationContext
2026-08-07T17:51:10.531+08:00  INFO 17316 --- [main] w.s.c.ServletWebServerApplicationContext : Root WebApplicationContext: initialization completed in 1082 ms
2026-08-07T17:51:12.450+08:00  INFO 17316 --- [main] o.s.b.w.embedded.tomcat.TomcatWebServer  : Tomcat started on port(s): 8080 (http) with context path ''
2026-08-07T17:51:12.460+08:00  INFO 17316 --- [main] c.zhengyang.PersonalDetailApplication    : Started PersonalDetailApplication in 3.388 seconds (process running for 3.881)
2026-08-07T17:51:23.240+08:00  INFO 17316 --- [http-nio-8080-exec-3] o.a.c.c.C.[Tomcat].[localhost].[/]       : Initializing Spring DispatcherServlet 'dispatcherServlet'
2026-08-07T17:51:23.241+08:00  INFO 17316 --- [http-nio-8080-exec-3] o.s.web.servlet.DispatcherServlet        : Initializing Servlet 'dispatcherServlet'
2026-08-07T17:51:23.244+08:00  INFO 17316 --- [http-nio-8080-exec-3] o.s.web.servlet.DispatcherServlet        : Completed initialization in 1 ms
2026-08-07T17:51:25.680+08:00  INFO 17316 --- [http-nio-8080-exec-3] com.zaxxer.hikari.HikariDataSource       : HikariPool-1 - Starting...
2026-08-07T17:51:26.203+08:00  INFO 17316 --- [http-nio-8080-exec-3] com.zaxxer.hikari.pool.HikariPool        : HikariPool-1 - Added connection com.mysql.cj.jdbc.ConnectionImpl@3c02dfb7
2026-08-07T17:51:26.206+08:00  INFO 17316 --- [http-nio-8080-exec-3] com.zaxxer.hikari.HikariDataSource       : HikariPool-1 - Start completed.
2026-08-07T17:51:26.242+08:00 ERROR 17316 --- [http-nio-8080-exec-3] o.a.c.c.C.[.[.[/].[dispatcherServlet]    : Servlet.service() for servlet [dispatcherServlet] in context with path [] threw exception [Request processing failed: org.apache.ibatis.binding.BindingException: Invalid bound statement (not found): com.zhengyang.mapping.UserMapper.selectList] with root cause

org.apache.ibatis.binding.BindingException: Invalid bound statement (not found): com.zhengyang.mapping.UserMapper.selectList
	at org.apache.ibatis.binding.MapperMethod$SqlCommand.<init>(MapperMethod.java:235) ~[mybatis-3.5.11.jar:3.5.11]
	at org.apache.ibatis.binding.MapperMethod.<init>(MapperMethod.java:53) ~[mybatis-3.5.11.jar:3.5.11]
	at org.apache.ibatis.binding.MapperProxy.lambda$cachedInvoker$0(MapperProxy.java:108) ~[mybatis-3.5.11.jar:3.5.11]
	at java.base/java.util.concurrent.ConcurrentHashMap.computeIfAbsent(ConcurrentHashMap.java:1740) ~[na:na]
	at org.apache.ibatis.util.MapUtil.computeIfAbsent(MapUtil.java:35) ~[mybatis-3.5.11.jar:3.5.11]
	at org.apache.ibatis.binding.MapperProxy.cachedInvoker(MapperProxy.java:95) ~[mybatis-3.5.11.jar:3.5.11]
	at org.apache.ibatis.binding.MapperProxy.invoke(MapperProxy.java:86) ~[mybatis-3.5.11.jar:3.5.11]
	at jdk.proxy2/jdk.proxy2.$Proxy77.selectList(Unknown Source) ~[na:na]
	at com.baomidou.mybatisplus.core.mapper.BaseMapper.selectOne(BaseMapper.java:173) ~[mybatis-plus-core-3.5.0.jar:3.5.0]
	at java.base/java.lang.invoke.MethodHandle.invokeWithArguments(MethodHandle.java:732) ~[na:na]
	at org.apache.ibatis.binding.MapperProxy$DefaultMethodInvoker.invoke(MapperProxy.java:159) ~[mybatis-3.5.11.jar:3.5.11]
	at org.apache.ibatis.binding.MapperProxy.invoke(MapperProxy.java:86) ~[mybatis-3.5.11.jar:3.5.11]
	at jdk.proxy2/jdk.proxy2.$Proxy77.selectOne(Unknown Source) ~[na:na]
	at com.baomidou.mybatisplus.extension.service.impl.ServiceImpl.getOne(ServiceImpl.java:202) ~[mybatis-plus-extension-3.5.0.jar:3.5.0]
	at com.baomidou.mybatisplus.extension.service.IService.getOne(IService.java:320) ~[mybatis-plus-extension-3.5.0.jar:3.5.0]
	at com.zhengyang.service.serviceimpl.LoginServiceImpl.register(LoginServiceImpl.java:71) ~[classes/:na]
	at java.base/jdk.internal.reflect.NativeMethodAccessorImpl.invoke0(Native Method) ~[na:na]
	at java.base/jdk.internal.reflect.NativeMethodAccessorImpl.invoke(NativeMethodAccessorImpl.java:77) ~[na:na]
	at java.base/jdk.internal.reflect.DelegatingMethodAccessorImpl.invoke(DelegatingMethodAccessorImpl.java:43) ~[na:na]
	at java.base/java.lang.reflect.Method.invoke(Method.java:568) ~[na:na]
	at org.springframework.aop.support.AopUtils.invokeJoinpointUsingReflection(AopUtils.java:343) ~[spring-aop-6.0.4.jar:6.0.4]
	at org.springframework.aop.framework.ReflectiveMethodInvocation.invokeJoinpoint(ReflectiveMethodInvocation.java:196) ~[spring-aop-6.0.4.jar:6.0.4]
	at org.springframework.aop.framework.ReflectiveMethodInvocation.proceed(ReflectiveMethodInvocation.java:163) ~[spring-aop-6.0.4.jar:6.0.4]
	at org.springframework.aop.framework.CglibAopProxy$CglibMethodInvocation.proceed(CglibAopProxy.java:752) ~[spring-aop-6.0.4.jar:6.0.4]
	at org.springframework.transaction.interceptor.TransactionInterceptor$1.proceedWithInvocation(TransactionInterceptor.java:123) ~[spring-tx-6.0.4.jar:6.0.4]
	at org.springframework.transaction.interceptor.TransactionAspectSupport.invokeWithinTransaction(TransactionAspectSupport.java:388) ~[spring-tx-6.0.4.jar:6.0.4]
	at org.springframework.transaction.interceptor.TransactionInterceptor.invoke(TransactionInterceptor.java:119) ~[spring-tx-6.0.4.jar:6.0.4]
	at org.springframework.aop.framework.ReflectiveMethodInvocation.proceed(ReflectiveMethodInvocation.java:184) ~[spring-aop-6.0.4.jar:6.0.4]
	at org.springframework.aop.framework.CglibAopProxy$CglibMethodInvocation.proceed(CglibAopProxy.java:752) ~[spring-aop-6.0.4.jar:6.0.4]
	at org.springframework.aop.framework.CglibAopProxy$DynamicAdvisedInterceptor.intercept(CglibAopProxy.java:703) ~[spring-aop-6.0.4.jar:6.0.4]
	at com.zhengyang.service.serviceimpl.LoginServiceImpl$$SpringCGLIB$$0.register(<generated>) ~[classes/:na]
	at com.zhengyang.controller.LoginController.register(LoginController.java:47) ~[classes/:na]
	at java.base/jdk.internal.reflect.NativeMethodAccessorImpl.invoke0(Native Method) ~[na:na]
	at java.base/jdk.internal.reflect.NativeMethodAccessorImpl.invoke(NativeMethodAccessorImpl.java:77) ~[na:na]
	at java.base/jdk.internal.reflect.DelegatingMethodAccessorImpl.invoke(DelegatingMethodAccessorImpl.java:43) ~[na:na]
	at java.base/java.lang.reflect.Method.invoke(Method.java:568) ~[na:na]
	at org.springframework.web.method.support.InvocableHandlerMethod.doInvoke(InvocableHandlerMethod.java:207) ~[spring-web-6.0.4.jar:6.0.4]
	at org.springframework.web.method.support.InvocableHandlerMethod.invokeForRequest(InvocableHandlerMethod.java:152) ~[spring-web-6.0.4.jar:6.0.4]
	at org.springframework.web.servlet.mvc.method.annotation.ServletInvocableHandlerMethod.invokeAndHandle(ServletInvocableHandlerMethod.java:117) ~[spring-webmvc-6.0.4.jar:6.0.4]
	at org.springframework.web.servlet.mvc.method.annotation.RequestMappingHandlerAdapter.invokeHandlerMethod(RequestMappingHandlerAdapter.java:884) ~[spring-webmvc-6.0.4.jar:6.0.4]
	at org.springframework.web.servlet.mvc.method.annotation.RequestMappingHandlerAdapter.handleInternal(RequestMappingHandlerAdapter.java:797) ~[spring-webmvc-6.0.4.jar:6.0.4]
	at org.springframework.web.servlet.mvc.method.AbstractHandlerMethodAdapter.handle(AbstractHandlerMethodAdapter.java:87) ~[spring-webmvc-6.0.4.jar:6.0.4]
	at org.springframework.web.servlet.DispatcherServlet.doDispatch(DispatcherServlet.java:1080) ~[spring-webmvc-6.0.4.jar:6.0.4]
	at org.springframework.web.servlet.DispatcherServlet.doService(DispatcherServlet.java:973) ~[spring-webmvc-6.0.4.jar:6.0.4]
	at org.springframework.web.servlet.FrameworkServlet.processRequest(FrameworkServlet.java:1011) ~[spring-webmvc-6.0.4.jar:6.0.4]
	at org.springframework.web.servlet.FrameworkServlet.doPost(FrameworkServlet.java:914) ~[spring-webmvc-6.0.4.jar:6.0.4]
	at jakarta.servlet.http.HttpServlet.service(HttpServlet.java:731) ~[tomcat-embed-core-10.1.5.jar:6.0]
	at org.springframework.web.servlet.FrameworkServlet.service(FrameworkServlet.java:885) ~[spring-webmvc-6.0.4.jar:6.0.4]
	at jakarta.servlet.http.HttpServlet.service(HttpServlet.java:814) ~[tomcat-embed-core-10.1.5.jar:6.0]
	at org.apache.catalina.core.ApplicationFilterChain.internalDoFilter(ApplicationFilterChain.java:223) ~[tomcat-embed-core-10.1.5.jar:10.1.5]
	at org.apache.catalina.core.ApplicationFilterChain.doFilter(ApplicationFilterChain.java:158) ~[tomcat-embed-core-10.1.5.jar:10.1.5]
	at org.apache.tomcat.websocket.server.WsFilter.doFilter(WsFilter.java:53) ~[tomcat-embed-websocket-10.1.5.jar:10.1.5]
	at org.apache.catalina.core.ApplicationFilterChain.internalDoFilter(ApplicationFilterChain.java:185) ~[tomcat-embed-core-10.1.5.jar:10.1.5]
	at org.apache.catalina.core.ApplicationFilterChain.doFilter(ApplicationFilterChain.java:158) ~[tomcat-embed-core-10.1.5.jar:10.1.5]
	at org.springframework.web.filter.RequestContextFilter.doFilterInternal(RequestContextFilter.java:100) ~[spring-web-6.0.4.jar:6.0.4]
	at org.springframework.web.filter.OncePerRequestFilter.doFilter(OncePerRequestFilter.java:116) ~[spring-web-6.0.4.jar:6.0.4]
	at org.apache.catalina.core.ApplicationFilterChain.internalDoFilter(ApplicationFilterChain.java:185) ~[tomcat-embed-core-10.1.5.jar:10.1.5]
	at org.apache.catalina.core.ApplicationFilterChain.doFilter(ApplicationFilterChain.java:158) ~[tomcat-embed-core-10.1.5.jar:10.1.5]
	at org.springframework.web.filter.FormContentFilter.doFilterInternal(FormContentFilter.java:93) ~[spring-web-6.0.4.jar:6.0.4]
	at org.springframework.web.filter.OncePerRequestFilter.doFilter(OncePerRequestFilter.java:116) ~[spring-web-6.0.4.jar:6.0.4]
	at org.apache.catalina.core.ApplicationFilterChain.internalDoFilter(ApplicationFilterChain.java:185) ~[tomcat-embed-core-10.1.5.jar:10.1.5]
	at org.apache.catalina.core.ApplicationFilterChain.doFilter(ApplicationFilterChain.java:158) ~[tomcat-embed-core-10.1.5.jar:10.1.5]
	at org.springframework.web.filter.CharacterEncodingFilter.doFilterInternal(CharacterEncodingFilter.java:201) ~[spring-web-6.0.4.jar:6.0.4]
	at org.springframework.web.filter.OncePerRequestFilter.doFilter(OncePerRequestFilter.java:116) ~[spring-web-6.0.4.jar:6.0.4]
	at org.apache.catalina.core.ApplicationFilterChain.internalDoFilter(ApplicationFilterChain.java:185) ~[tomcat-embed-core-10.1.5.jar:10.1.5]
	at org.apache.catalina.core.ApplicationFilterChain.doFilter(ApplicationFilterChain.java:158) ~[tomcat-embed-core-10.1.5.jar:10.1.5]
	at org.apache.catalina.core.StandardWrapperValve.invoke(StandardWrapperValve.java:177) ~[tomcat-embed-core-10.1.5.jar:10.1.5]
	at org.apache.catalina.core.StandardContextValve.invoke(StandardContextValve.java:97) ~[tomcat-embed-core-10.1.5.jar:10.1.5]
	at org.apache.catalina.authenticator.AuthenticatorBase.invoke(AuthenticatorBase.java:542) ~[tomcat-embed-core-10.1.5.jar:10.1.5]
	at org.apache.catalina.core.StandardHostValve.invoke(StandardHostValve.java:119) ~[tomcat-embed-core-10.1.5.jar:10.1.5]
	at org.apache.catalina.valves.ErrorReportValve.invoke(ErrorReportValve.java:92) ~[tomcat-embed-core-10.1.5.jar:10.1.5]
	at org.apache.catalina.core.StandardEngineValve.invoke(StandardEngineValve.java:78) ~[tomcat-embed-core-10.1.5.jar:10.1.5]
	at org.apache.catalina.connector.CoyoteAdapter.service(CoyoteAdapter.java:357) ~[tomcat-embed-core-10.1.5.jar:10.1.5]
	at org.apache.coyote.http11.Http11Processor.service(Http11Processor.java:400) ~[tomcat-embed-core-10.1.5.jar:10.1.5]
	at org.apache.coyote.AbstractProcessorLight.process(AbstractProcessorLight.java:65) ~[tomcat-embed-core-10.1.5.jar:10.1.5]
	at org.apache.coyote.AbstractProtocol$ConnectionHandler.process(AbstractProtocol.java:859) ~[tomcat-embed-core-10.1.5.jar:10.1.5]
	at org.apache.tomcat.util.net.NioEndpoint$SocketProcessor.doRun(NioEndpoint.java:1734) ~[tomcat-embed-core-10.1.5.jar:10.1.5]
	at org.apache.tomcat.util.net.SocketProcessorBase.run(SocketProcessorBase.java:52) ~[tomcat-embed-core-10.1.5.jar:10.1.5]
	at org.apache.tomcat.util.threads.ThreadPoolExecutor.runWorker(ThreadPoolExecutor.java:1191) ~[tomcat-embed-core-10.1.5.jar:10.1.5]
	at org.apache.tomcat.util.threads.ThreadPoolExecutor$Worker.run(ThreadPoolExecutor.java:659) ~[tomcat-embed-core-10.1.5.jar:10.1.5]
	at org.apache.tomcat.util.threads.TaskThread$WrappingRunnable.run(TaskThread.java:61) ~[tomcat-embed-core-10.1.5.jar:10.1.5]
	at java.base/java.lang.Thread.run(Thread.java:842) ~[na:na]

2026-08-07T17:51:46.901+08:00  INFO 17316 --- [SpringApplicationShutdownHook] com.zaxxer.hikari.HikariDataSource       : HikariPool-1 - Shutdown initiated...
2026-08-07T17:51:46.907+08:00  INFO 17316 --- [SpringApplicationShutdownHook] com.zaxxer.hikari.HikariDataSource       : HikariPool-1 - Shutdown completed.
2026-08-07T17:51:52.717+08:00  INFO 25152 --- [main] c.zhengyang.PersonalDetailApplication    : Starting PersonalDetailApplication using Java 17.0.12 with PID 25152 (D:\IDEA\IDEAProject\personal_detail\personal-system\target\classes started by 35912 in D:\IDEA\IDEAProject\personal_detail)
2026-08-07T17:51:52.719+08:00  INFO 25152 --- [main] c.zhengyang.PersonalDetailApplication    : No active profile set, falling back to 1 default profile: "default"
2026-08-07T17:51:53.187+08:00  INFO 25152 --- [main] .s.d.r.c.RepositoryConfigurationDelegate : Multiple Spring Data modules found, entering strict repository configuration mode
2026-08-07T17:51:53.189+08:00  INFO 25152 --- [main] .s.d.r.c.RepositoryConfigurationDelegate : Bootstrapping Spring Data Redis repositories in DEFAULT mode.
2026-08-07T17:51:53.212+08:00  INFO 25152 --- [main] .s.d.r.c.RepositoryConfigurationDelegate : Finished Spring Data repository scanning in 10 ms. Found 0 Redis repository interfaces.
2026-08-07T17:51:53.610+08:00  INFO 25152 --- [main] o.s.b.w.embedded.tomcat.TomcatWebServer  : Tomcat initialized with port(s): 8080 (http)
2026-08-07T17:51:53.617+08:00  INFO 25152 --- [main] o.apache.catalina.core.StandardService   : Starting service [Tomcat]
2026-08-07T17:51:53.617+08:00  INFO 25152 --- [main] o.apache.catalina.core.StandardEngine    : Starting Servlet engine: [Apache Tomcat/10.1.5]
2026-08-07T17:51:53.682+08:00  INFO 25152 --- [main] o.a.c.c.C.[Tomcat].[localhost].[/]       : Initializing Spring embedded WebApplicationContext
2026-08-07T17:51:53.682+08:00  INFO 25152 --- [main] w.s.c.ServletWebServerApplicationContext : Root WebApplicationContext: initialization completed in 933 ms
2026-08-07T17:51:54.373+08:00  WARN 25152 --- [main] ConfigServletWebServerApplicationContext : Exception encountered during context initialization - cancelling refresh attempt: org.springframework.beans.factory.UnsatisfiedDependencyException: Error creating bean with name 'loginController' defined in file [D:\IDEA\IDEAProject\personal_detail\personal-system\target\classes\com\zhengyang\controller\LoginController.class]: Unsatisfied dependency expressed through constructor parameter 0: Error creating bean with name 'loginServiceImpl': Unsatisfied dependency expressed through field 'baseMapper': No qualifying bean of type 'com.zhengyang.mapping.UserMapper' available: expected at least 1 bean which qualifies as autowire candidate. Dependency annotations: {@org.springframework.beans.factory.annotation.Autowired(required=true)}
2026-08-07T17:51:54.424+08:00  INFO 25152 --- [main] o.apache.catalina.core.StandardService   : Stopping service [Tomcat]
2026-08-07T17:51:54.445+08:00  INFO 25152 --- [main] .s.b.a.l.ConditionEvaluationReportLogger : 

Error starting ApplicationContext. To display the condition evaluation report re-run your application with 'debug' enabled.
2026-08-07T17:51:54.477+08:00 ERROR 25152 --- [main] o.s.boot.SpringApplication               : Application run failed

org.springframework.beans.factory.UnsatisfiedDependencyException: Error creating bean with name 'loginController' defined in file [D:\IDEA\IDEAProject\personal_detail\personal-system\target\classes\com\zhengyang\controller\LoginController.class]: Unsatisfied dependency expressed through constructor parameter 0: Error creating bean with name 'loginServiceImpl': Unsatisfied dependency expressed through field 'baseMapper': No qualifying bean of type 'com.zhengyang.mapping.UserMapper' available: expected at least 1 bean which qualifies as autowire candidate. Dependency annotations: {@org.springframework.beans.factory.annotation.Autowired(required=true)}
	at org.springframework.beans.factory.support.ConstructorResolver.createArgumentArray(ConstructorResolver.java:798) ~[spring-beans-6.0.4.jar:6.0.4]
	at org.springframework.beans.factory.support.ConstructorResolver.autowireConstructor(ConstructorResolver.java:245) ~[spring-beans-6.0.4.jar:6.0.4]
	at org.springframework.beans.factory.support.AbstractAutowireCapableBeanFactory.autowireConstructor(AbstractAutowireCapableBeanFactory.java:1344) ~[spring-beans-6.0.4.jar:6.0.4]
	at org.springframework.beans.factory.support.AbstractAutowireCapableBeanFactory.createBeanInstance(AbstractAutowireCapableBeanFactory.java:1188) ~[spring-beans-6.0.4.jar:6.0.4]
	at org.springframework.beans.factory.support.AbstractAutowireCapableBeanFactory.doCreateBean(AbstractAutowireCapableBeanFactory.java:561) ~[spring-beans-6.0.4.jar:6.0.4]
	at org.springframework.beans.factory.support.AbstractAutowireCapableBeanFactory.createBean(AbstractAutowireCapableBeanFactory.java:521) ~[spring-beans-6.0.4.jar:6.0.4]
	at org.springframework.beans.factory.support.AbstractBeanFactory.lambda$doGetBean$0(AbstractBeanFactory.java:326) ~[spring-beans-6.0.4.jar:6.0.4]
	at org.springframework.beans.factory.support.DefaultSingletonBeanRegistry.getSingleton(DefaultSingletonBeanRegistry.java:234) ~[spring-beans-6.0.4.jar:6.0.4]
	at org.springframework.beans.factory.support.AbstractBeanFactory.doGetBean(AbstractBeanFactory.java:324) ~[spring-beans-6.0.4.jar:6.0.4]
	at org.springframework.beans.factory.support.AbstractBeanFactory.getBean(AbstractBeanFactory.java:200) ~[spring-beans-6.0.4.jar:6.0.4]
	at org.springframework.beans.factory.support.DefaultListableBeanFactory.preInstantiateSingletons(DefaultListableBeanFactory.java:961) ~[spring-beans-6.0.4.jar:6.0.4]
	at org.springframework.context.support.AbstractApplicationContext.finishBeanFactoryInitialization(AbstractApplicationContext.java:915) ~[spring-context-6.0.4.jar:6.0.4]
	at org.springframework.context.support.AbstractApplicationContext.refresh(AbstractApplicationContext.java:584) ~[spring-context-6.0.4.jar:6.0.4]
	at org.springframework.boot.web.servlet.context.ServletWebServerApplicationContext.refresh(ServletWebServerApplicationContext.java:146) ~[spring-boot-3.0.2.jar:3.0.2]
	at org.springframework.boot.SpringApplication.refresh(SpringApplication.java:730) ~[spring-boot-3.0.2.jar:3.0.2]
	at org.springframework.boot.SpringApplication.refreshContext(SpringApplication.java:432) ~[spring-boot-3.0.2.jar:3.0.2]
	at org.springframework.boot.SpringApplication.run(SpringApplication.java:308) ~[spring-boot-3.0.2.jar:3.0.2]
	at org.springframework.boot.SpringApplication.run(SpringApplication.java:1302) ~[spring-boot-3.0.2.jar:3.0.2]
	at org.springframework.boot.SpringApplication.run(SpringApplication.java:1291) ~[spring-boot-3.0.2.jar:3.0.2]
	at com.zhengyang.PersonalDetailApplication.main(PersonalDetailApplication.java:10) ~[classes/:na]
Caused by: org.springframework.beans.factory.UnsatisfiedDependencyException: Error creating bean with name 'loginServiceImpl': Unsatisfied dependency expressed through field 'baseMapper': No qualifying bean of type 'com.zhengyang.mapping.UserMapper' available: expected at least 1 bean which qualifies as autowire candidate. Dependency annotations: {@org.springframework.beans.factory.annotation.Autowired(required=true)}
	at org.springframework.beans.factory.annotation.AutowiredAnnotationBeanPostProcessor$AutowiredFieldElement.resolveFieldValue(AutowiredAnnotationBeanPostProcessor.java:712) ~[spring-beans-6.0.4.jar:6.0.4]
	at org.springframework.beans.factory.annotation.AutowiredAnnotationBeanPostProcessor$AutowiredFieldElement.inject(AutowiredAnnotationBeanPostProcessor.java:692) ~[spring-beans-6.0.4.jar:6.0.4]
	at org.springframework.beans.factory.annotation.InjectionMetadata.inject(InjectionMetadata.java:133) ~[spring-beans-6.0.4.jar:6.0.4]
	at org.springframework.beans.factory.annotation.AutowiredAnnotationBeanPostProcessor.postProcessProperties(AutowiredAnnotationBeanPostProcessor.java:481) ~[spring-beans-6.0.4.jar:6.0.4]
	at org.springframework.beans.factory.support.AbstractAutowireCapableBeanFactory.populateBean(AbstractAutowireCapableBeanFactory.java:1397) ~[spring-beans-6.0.4.jar:6.0.4]
	at org.springframework.beans.factory.support.AbstractAutowireCapableBeanFactory.doCreateBean(AbstractAutowireCapableBeanFactory.java:598) ~[spring-beans-6.0.4.jar:6.0.4]
	at org.springframework.beans.factory.support.AbstractAutowireCapableBeanFactory.createBean(AbstractAutowireCapableBeanFactory.java:521) ~[spring-beans-6.0.4.jar:6.0.4]
	at org.springframework.beans.factory.support.AbstractBeanFactory.lambda$doGetBean$0(AbstractBeanFactory.java:326) ~[spring-beans-6.0.4.jar:6.0.4]
	at org.springframework.beans.factory.support.DefaultSingletonBeanRegistry.getSingleton(DefaultSingletonBeanRegistry.java:234) ~[spring-beans-6.0.4.jar:6.0.4]
	at org.springframework.beans.factory.support.AbstractBeanFactory.doGetBean(AbstractBeanFactory.java:324) ~[spring-beans-6.0.4.jar:6.0.4]
	at org.springframework.beans.factory.support.AbstractBeanFactory.getBean(AbstractBeanFactory.java:200) ~[spring-beans-6.0.4.jar:6.0.4]
	at org.springframework.beans.factory.config.DependencyDescriptor.resolveCandidate(DependencyDescriptor.java:254) ~[spring-beans-6.0.4.jar:6.0.4]
	at org.springframework.beans.factory.support.DefaultListableBeanFactory.doResolveDependency(DefaultListableBeanFactory.java:1405) ~[spring-beans-6.0.4.jar:6.0.4]
	at org.springframework.beans.factory.support.DefaultListableBeanFactory.resolveDependency(DefaultListableBeanFactory.java:1325) ~[spring-beans-6.0.4.jar:6.0.4]
	at org.springframework.beans.factory.support.ConstructorResolver.resolveAutowiredArgument(ConstructorResolver.java:885) ~[spring-beans-6.0.4.jar:6.0.4]
	at org.springframework.beans.factory.support.ConstructorResolver.createArgumentArray(ConstructorResolver.java:789) ~[spring-beans-6.0.4.jar:6.0.4]
	... 19 common frames omitted
Caused by: org.springframework.beans.factory.NoSuchBeanDefinitionException: No qualifying bean of type 'com.zhengyang.mapping.UserMapper' available: expected at least 1 bean which qualifies as autowire candidate. Dependency annotations: {@org.springframework.beans.factory.annotation.Autowired(required=true)}
	at org.springframework.beans.factory.support.DefaultListableBeanFactory.raiseNoMatchingBeanFound(DefaultListableBeanFactory.java:1812) ~[spring-beans-6.0.4.jar:6.0.4]
	at org.springframework.beans.factory.support.DefaultListableBeanFactory.doResolveDependency(DefaultListableBeanFactory.java:1371) ~[spring-beans-6.0.4.jar:6.0.4]
	at org.springframework.beans.factory.support.DefaultListableBeanFactory.resolveDependency(DefaultListableBeanFactory.java:1325) ~[spring-beans-6.0.4.jar:6.0.4]
	at org.springframework.beans.factory.annotation.AutowiredAnnotationBeanPostProcessor$AutowiredFieldElement.resolveFieldValue(AutowiredAnnotationBeanPostProcessor.java:709) ~[spring-beans-6.0.4.jar:6.0.4]
	... 34 common frames omitted

2026-08-07T17:58:06.005+08:00  INFO 31892 --- [main] c.zhengyang.PersonalDetailApplication    : Starting PersonalDetailApplication using Java 17.0.12 with PID 31892 (D:\IDEA\IDEAProject\personal_detail\personal-system\target\classes started by 35912 in D:\IDEA\IDEAProject\personal_detail)
2026-08-07T17:58:06.008+08:00  INFO 31892 --- [main] c.zhengyang.PersonalDetailApplication    : No active profile set, falling back to 1 default profile: "default"
2026-08-07T17:58:06.537+08:00  INFO 31892 --- [main] .s.d.r.c.RepositoryConfigurationDelegate : Multiple Spring Data modules found, entering strict repository configuration mode
2026-08-07T17:58:06.539+08:00  INFO 31892 --- [main] .s.d.r.c.RepositoryConfigurationDelegate : Bootstrapping Spring Data Redis repositories in DEFAULT mode.
2026-08-07T17:58:06.556+08:00  INFO 31892 --- [main] .s.d.r.c.RepositoryConfigurationDelegate : Finished Spring Data repository scanning in 6 ms. Found 0 Redis repository interfaces.
2026-08-07T17:58:07.005+08:00  INFO 31892 --- [main] o.s.b.w.embedded.tomcat.TomcatWebServer  : Tomcat initialized with port(s): 8080 (http)
2026-08-07T17:58:07.013+08:00  INFO 31892 --- [main] o.apache.catalina.core.StandardService   : Starting service [Tomcat]
2026-08-07T17:58:07.013+08:00  INFO 31892 --- [main] o.apache.catalina.core.StandardEngine    : Starting Servlet engine: [Apache Tomcat/10.1.5]
2026-08-07T17:58:07.079+08:00  INFO 31892 --- [main] o.a.c.c.C.[Tomcat].[localhost].[/]       : Initializing Spring embedded WebApplicationContext
2026-08-07T17:58:07.079+08:00  INFO 31892 --- [main] w.s.c.ServletWebServerApplicationContext : Root WebApplicationContext: initialization completed in 1037 ms
2026-08-07T17:58:09.239+08:00  INFO 31892 --- [main] o.s.b.w.embedded.tomcat.TomcatWebServer  : Tomcat started on port(s): 8080 (http) with context path ''
2026-08-07T17:58:09.251+08:00  INFO 31892 --- [main] c.zhengyang.PersonalDetailApplication    : Started PersonalDetailApplication in 3.619 seconds (process running for 4.244)
2026-08-07T17:58:16.011+08:00  INFO 31892 --- [http-nio-8080-exec-3] o.a.c.c.C.[Tomcat].[localhost].[/]       : Initializing Spring DispatcherServlet 'dispatcherServlet'
2026-08-07T17:58:16.011+08:00  INFO 31892 --- [http-nio-8080-exec-3] o.s.web.servlet.DispatcherServlet        : Initializing Servlet 'dispatcherServlet'
2026-08-07T17:58:16.016+08:00  INFO 31892 --- [http-nio-8080-exec-3] o.s.web.servlet.DispatcherServlet        : Completed initialization in 5 ms
2026-08-07T17:58:17.702+08:00  INFO 31892 --- [http-nio-8080-exec-3] com.zaxxer.hikari.HikariDataSource       : HikariPool-1 - Starting...
2026-08-07T17:58:18.236+08:00  INFO 31892 --- [http-nio-8080-exec-3] com.zaxxer.hikari.pool.HikariPool        : HikariPool-1 - Added connection com.mysql.cj.jdbc.ConnectionImpl@2287e114
2026-08-07T17:58:18.240+08:00  INFO 31892 --- [http-nio-8080-exec-3] com.zaxxer.hikari.HikariDataSource       : HikariPool-1 - Start completed.
2026-08-07T17:58:18.465+08:00 ERROR 31892 --- [http-nio-8080-exec-3] o.a.c.c.C.[.[.[/].[dispatcherServlet]    : Servlet.service() for servlet [dispatcherServlet] in context with path [] threw exception [Request processing failed: org.springframework.jdbc.BadSqlGrammarException: 
### Error querying database.  Cause: java.sql.SQLSyntaxErrorException: Table 'personal_dev.user' doesn't exist
### The error may exist in com/zhengyang/mapping/UserMapper.java (best guess)
### The error may involve defaultParameterMap
### The error occurred while setting parameters
### SQL: SELECT  id,username,password,nickname,avatar,phone,email,status,create_time,update_time,last_login_time,last_login_ip,deleted  FROM user  WHERE deleted='0'     AND (username = ?)
### Cause: java.sql.SQLSyntaxErrorException: Table 'personal_dev.user' doesn't exist
; bad SQL grammar []] with root cause

java.sql.SQLSyntaxErrorException: Table 'personal_dev.user' doesn't exist
	at com.mysql.cj.jdbc.exceptions.SQLError.createSQLException(SQLError.java:120) ~[mysql-connector-j-8.0.32.jar:8.0.32]
	at com.mysql.cj.jdbc.exceptions.SQLExceptionsMapping.translateException(SQLExceptionsMapping.java:122) ~[mysql-connector-j-8.0.32.jar:8.0.32]
	at com.mysql.cj.jdbc.ClientPreparedStatement.executeInternal(ClientPreparedStatement.java:916) ~[mysql-connector-j-8.0.32.jar:8.0.32]
	at com.mysql.cj.jdbc.ClientPreparedStatement.execute(ClientPreparedStatement.java:354) ~[mysql-connector-j-8.0.32.jar:8.0.32]
	at com.zaxxer.hikari.pool.ProxyPreparedStatement.execute(ProxyPreparedStatement.java:44) ~[HikariCP-5.0.1.jar:na]
	at com.zaxxer.hikari.pool.HikariProxyPreparedStatement.execute(HikariProxyPreparedStatement.java) ~[HikariCP-5.0.1.jar:na]
	at org.apache.ibatis.executor.statement.PreparedStatementHandler.query(PreparedStatementHandler.java:65) ~[mybatis-3.5.15.jar:3.5.15]
	at org.apache.ibatis.executor.statement.RoutingStatementHandler.query(RoutingStatementHandler.java:80) ~[mybatis-3.5.15.jar:3.5.15]
	at org.apache.ibatis.executor.SimpleExecutor.doQuery(SimpleExecutor.java:65) ~[mybatis-3.5.15.jar:3.5.15]
	at org.apache.ibatis.executor.BaseExecutor.queryFromDatabase(BaseExecutor.java:336) ~[mybatis-3.5.15.jar:3.5.15]
	at org.apache.ibatis.executor.BaseExecutor.query(BaseExecutor.java:158) ~[mybatis-3.5.15.jar:3.5.15]
	at org.apache.ibatis.executor.CachingExecutor.query(CachingExecutor.java:110) ~[mybatis-3.5.15.jar:3.5.15]
	at org.apache.ibatis.executor.CachingExecutor.query(CachingExecutor.java:90) ~[mybatis-3.5.15.jar:3.5.15]
	at org.apache.ibatis.session.defaults.DefaultSqlSession.selectList(DefaultSqlSession.java:154) ~[mybatis-3.5.15.jar:3.5.15]
	at org.apache.ibatis.session.defaults.DefaultSqlSession.selectList(DefaultSqlSession.java:147) ~[mybatis-3.5.15.jar:3.5.15]
	at org.apache.ibatis.session.defaults.DefaultSqlSession.selectList(DefaultSqlSession.java:142) ~[mybatis-3.5.15.jar:3.5.15]
	at java.base/jdk.internal.reflect.NativeMethodAccessorImpl.invoke0(Native Method) ~[na:na]
	at java.base/jdk.internal.reflect.NativeMethodAccessorImpl.invoke(NativeMethodAccessorImpl.java:77) ~[na:na]
	at java.base/jdk.internal.reflect.DelegatingMethodAccessorImpl.invoke(DelegatingMethodAccessorImpl.java:43) ~[na:na]
	at java.base/java.lang.reflect.Method.invoke(Method.java:568) ~[na:na]
	at org.mybatis.spring.SqlSessionTemplate$SqlSessionInterceptor.invoke(SqlSessionTemplate.java:425) ~[mybatis-spring-2.1.2.jar:2.1.2]
	at jdk.proxy2/jdk.proxy2.$Proxy75.selectList(Unknown Source) ~[na:na]
	at org.mybatis.spring.SqlSessionTemplate.selectList(SqlSessionTemplate.java:224) ~[mybatis-spring-2.1.2.jar:2.1.2]
	at com.baomidou.mybatisplus.core.override.MybatisMapperMethod.executeForMany(MybatisMapperMethod.java:164) ~[mybatis-plus-core-3.5.5.jar:3.5.5]
	at com.baomidou.mybatisplus.core.override.MybatisMapperMethod.execute(MybatisMapperMethod.java:77) ~[mybatis-plus-core-3.5.5.jar:3.5.5]
	at com.baomidou.mybatisplus.core.override.MybatisMapperProxy$PlainMethodInvoker.invoke(MybatisMapperProxy.java:152) ~[mybatis-plus-core-3.5.5.jar:3.5.5]
	at com.baomidou.mybatisplus.core.override.MybatisMapperProxy.invoke(MybatisMapperProxy.java:89) ~[mybatis-plus-core-3.5.5.jar:3.5.5]
	at jdk.proxy2/jdk.proxy2.$Proxy79.selectList(Unknown Source) ~[na:na]
	at com.baomidou.mybatisplus.core.mapper.BaseMapper.selectOne(BaseMapper.java:222) ~[mybatis-plus-core-3.5.5.jar:3.5.5]
	at java.base/java.lang.invoke.MethodHandle.invokeWithArguments(MethodHandle.java:732) ~[na:na]
	at com.baomidou.mybatisplus.core.override.MybatisMapperProxy$DefaultMethodInvoker.invoke(MybatisMapperProxy.java:166) ~[mybatis-plus-core-3.5.5.jar:3.5.5]
	at com.baomidou.mybatisplus.core.override.MybatisMapperProxy.invoke(MybatisMapperProxy.java:89) ~[mybatis-plus-core-3.5.5.jar:3.5.5]
	at jdk.proxy2/jdk.proxy2.$Proxy79.selectOne(Unknown Source) ~[na:na]
	at com.baomidou.mybatisplus.extension.service.impl.ServiceImpl.getOne(ServiceImpl.java:242) ~[mybatis-plus-extension-3.5.5.jar:3.5.5]
	at com.baomidou.mybatisplus.extension.service.IService.getOne(IService.java:327) ~[mybatis-plus-extension-3.5.5.jar:3.5.5]
	at com.zhengyang.service.serviceimpl.LoginServiceImpl.register(LoginServiceImpl.java:71) ~[classes/:na]
	at java.base/jdk.internal.reflect.NativeMethodAccessorImpl.invoke0(Native Method) ~[na:na]
	at java.base/jdk.internal.reflect.NativeMethodAccessorImpl.invoke(NativeMethodAccessorImpl.java:77) ~[na:na]
	at java.base/jdk.internal.reflect.DelegatingMethodAccessorImpl.invoke(DelegatingMethodAccessorImpl.java:43) ~[na:na]
	at java.base/java.lang.reflect.Method.invoke(Method.java:568) ~[na:na]
	at org.springframework.aop.support.AopUtils.invokeJoinpointUsingReflection(AopUtils.java:343) ~[spring-aop-6.0.4.jar:6.0.4]
	at org.springframework.aop.framework.ReflectiveMethodInvocation.invokeJoinpoint(ReflectiveMethodInvocation.java:196) ~[spring-aop-6.0.4.jar:6.0.4]
	at org.springframework.aop.framework.ReflectiveMethodInvocation.proceed(ReflectiveMethodInvocation.java:163) ~[spring-aop-6.0.4.jar:6.0.4]
	at org.springframework.aop.framework.CglibAopProxy$CglibMethodInvocation.proceed(CglibAopProxy.java:752) ~[spring-aop-6.0.4.jar:6.0.4]
	at org.springframework.transaction.interceptor.TransactionInterceptor$1.proceedWithInvocation(TransactionInterceptor.java:123) ~[spring-tx-6.0.4.jar:6.0.4]
	at org.springframework.transaction.interceptor.TransactionAspectSupport.invokeWithinTransaction(TransactionAspectSupport.java:388) ~[spring-tx-6.0.4.jar:6.0.4]
	at org.springframework.transaction.interceptor.TransactionInterceptor.invoke(TransactionInterceptor.java:119) ~[spring-tx-6.0.4.jar:6.0.4]
	at org.springframework.aop.framework.ReflectiveMethodInvocation.proceed(ReflectiveMethodInvocation.java:184) ~[spring-aop-6.0.4.jar:6.0.4]
	at org.springframework.aop.framework.CglibAopProxy$CglibMethodInvocation.proceed(CglibAopProxy.java:752) ~[spring-aop-6.0.4.jar:6.0.4]
	at org.springframework.aop.framework.CglibAopProxy$DynamicAdvisedInterceptor.intercept(CglibAopProxy.java:703) ~[spring-aop-6.0.4.jar:6.0.4]
	at com.zhengyang.service.serviceimpl.LoginServiceImpl$$SpringCGLIB$$0.register(<generated>) ~[classes/:na]
	at com.zhengyang.controller.LoginController.register(LoginController.java:47) ~[classes/:na]
	at java.base/jdk.internal.reflect.NativeMethodAccessorImpl.invoke0(Native Method) ~[na:na]
	at java.base/jdk.internal.reflect.NativeMethodAccessorImpl.invoke(NativeMethodAccessorImpl.java:77) ~[na:na]
	at java.base/jdk.internal.reflect.DelegatingMethodAccessorImpl.invoke(DelegatingMethodAccessorImpl.java:43) ~[na:na]
	at java.base/java.lang.reflect.Method.invoke(Method.java:568) ~[na:na]
	at org.springframework.web.method.support.InvocableHandlerMethod.doInvoke(InvocableHandlerMethod.java:207) ~[spring-web-6.0.4.jar:6.0.4]
	at org.springframework.web.method.support.InvocableHandlerMethod.invokeForRequest(InvocableHandlerMethod.java:152) ~[spring-web-6.0.4.jar:6.0.4]
	at org.springframework.web.servlet.mvc.method.annotation.ServletInvocableHandlerMethod.invokeAndHandle(ServletInvocableHandlerMethod.java:117) ~[spring-webmvc-6.0.4.jar:6.0.4]
	at org.springframework.web.servlet.mvc.method.annotation.RequestMappingHandlerAdapter.invokeHandlerMethod(RequestMappingHandlerAdapter.java:884) ~[spring-webmvc-6.0.4.jar:6.0.4]
	at org.springframework.web.servlet.mvc.method.annotation.RequestMappingHandlerAdapter.handleInternal(RequestMappingHandlerAdapter.java:797) ~[spring-webmvc-6.0.4.jar:6.0.4]
	at org.springframework.web.servlet.mvc.method.AbstractHandlerMethodAdapter.handle(AbstractHandlerMethodAdapter.java:87) ~[spring-webmvc-6.0.4.jar:6.0.4]
	at org.springframework.web.servlet.DispatcherServlet.doDispatch(DispatcherServlet.java:1080) ~[spring-webmvc-6.0.4.jar:6.0.4]
	at org.springframework.web.servlet.DispatcherServlet.doService(DispatcherServlet.java:973) ~[spring-webmvc-6.0.4.jar:6.0.4]
	at org.springframework.web.servlet.FrameworkServlet.processRequest(FrameworkServlet.java:1011) ~[spring-webmvc-6.0.4.jar:6.0.4]
	at org.springframework.web.servlet.FrameworkServlet.doPost(FrameworkServlet.java:914) ~[spring-webmvc-6.0.4.jar:6.0.4]
	at jakarta.servlet.http.HttpServlet.service(HttpServlet.java:731) ~[tomcat-embed-core-10.1.5.jar:6.0]
	at org.springframework.web.servlet.FrameworkServlet.service(FrameworkServlet.java:885) ~[spring-webmvc-6.0.4.jar:6.0.4]
	at jakarta.servlet.http.HttpServlet.service(HttpServlet.java:814) ~[tomcat-embed-core-10.1.5.jar:6.0]
	at org.apache.catalina.core.ApplicationFilterChain.internalDoFilter(ApplicationFilterChain.java:223) ~[tomcat-embed-core-10.1.5.jar:10.1.5]
	at org.apache.catalina.core.ApplicationFilterChain.doFilter(ApplicationFilterChain.java:158) ~[tomcat-embed-core-10.1.5.jar:10.1.5]
	at org.apache.tomcat.websocket.server.WsFilter.doFilter(WsFilter.java:53) ~[tomcat-embed-websocket-10.1.5.jar:10.1.5]
	at org.apache.catalina.core.ApplicationFilterChain.internalDoFilter(ApplicationFilterChain.java:185) ~[tomcat-embed-core-10.1.5.jar:10.1.5]
	at org.apache.catalina.core.ApplicationFilterChain.doFilter(ApplicationFilterChain.java:158) ~[tomcat-embed-core-10.1.5.jar:10.1.5]
	at org.springframework.web.filter.RequestContextFilter.doFilterInternal(RequestContextFilter.java:100) ~[spring-web-6.0.4.jar:6.0.4]
	at org.springframework.web.filter.OncePerRequestFilter.doFilter(OncePerRequestFilter.java:116) ~[spring-web-6.0.4.jar:6.0.4]
	at org.apache.catalina.core.ApplicationFilterChain.internalDoFilter(ApplicationFilterChain.java:185) ~[tomcat-embed-core-10.1.5.jar:10.1.5]
	at org.apache.catalina.core.ApplicationFilterChain.doFilter(ApplicationFilterChain.java:158) ~[tomcat-embed-core-10.1.5.jar:10.1.5]
	at org.springframework.web.filter.FormContentFilter.doFilterInternal(FormContentFilter.java:93) ~[spring-web-6.0.4.jar:6.0.4]
	at org.springframework.web.filter.OncePerRequestFilter.doFilter(OncePerRequestFilter.java:116) ~[spring-web-6.0.4.jar:6.0.4]
	at org.apache.catalina.core.ApplicationFilterChain.internalDoFilter(ApplicationFilterChain.java:185) ~[tomcat-embed-core-10.1.5.jar:10.1.5]
	at org.apache.catalina.core.ApplicationFilterChain.doFilter(ApplicationFilterChain.java:158) ~[tomcat-embed-core-10.1.5.jar:10.1.5]
	at org.springframework.web.filter.CharacterEncodingFilter.doFilterInternal(CharacterEncodingFilter.java:201) ~[spring-web-6.0.4.jar:6.0.4]
	at org.springframework.web.filter.OncePerRequestFilter.doFilter(OncePerRequestFilter.java:116) ~[spring-web-6.0.4.jar:6.0.4]
	at org.apache.catalina.core.ApplicationFilterChain.internalDoFilter(ApplicationFilterChain.java:185) ~[tomcat-embed-core-10.1.5.jar:10.1.5]
	at org.apache.catalina.core.ApplicationFilterChain.doFilter(ApplicationFilterChain.java:158) ~[tomcat-embed-core-10.1.5.jar:10.1.5]
	at org.apache.catalina.core.StandardWrapperValve.invoke(StandardWrapperValve.java:177) ~[tomcat-embed-core-10.1.5.jar:10.1.5]
	at org.apache.catalina.core.StandardContextValve.invoke(StandardContextValve.java:97) ~[tomcat-embed-core-10.1.5.jar:10.1.5]
	at org.apache.catalina.authenticator.AuthenticatorBase.invoke(AuthenticatorBase.java:542) ~[tomcat-embed-core-10.1.5.jar:10.1.5]
	at org.apache.catalina.core.StandardHostValve.invoke(StandardHostValve.java:119) ~[tomcat-embed-core-10.1.5.jar:10.1.5]
	at org.apache.catalina.valves.ErrorReportValve.invoke(ErrorReportValve.java:92) ~[tomcat-embed-core-10.1.5.jar:10.1.5]
	at org.apache.catalina.core.StandardEngineValve.invoke(StandardEngineValve.java:78) ~[tomcat-embed-core-10.1.5.jar:10.1.5]
	at org.apache.catalina.connector.CoyoteAdapter.service(CoyoteAdapter.java:357) ~[tomcat-embed-core-10.1.5.jar:10.1.5]
	at org.apache.coyote.http11.Http11Processor.service(Http11Processor.java:400) ~[tomcat-embed-core-10.1.5.jar:10.1.5]
	at org.apache.coyote.AbstractProcessorLight.process(AbstractProcessorLight.java:65) ~[tomcat-embed-core-10.1.5.jar:10.1.5]
	at org.apache.coyote.AbstractProtocol$ConnectionHandler.process(AbstractProtocol.java:859) ~[tomcat-embed-core-10.1.5.jar:10.1.5]
	at org.apache.tomcat.util.net.NioEndpoint$SocketProcessor.doRun(NioEndpoint.java:1734) ~[tomcat-embed-core-10.1.5.jar:10.1.5]
	at org.apache.tomcat.util.net.SocketProcessorBase.run(SocketProcessorBase.java:52) ~[tomcat-embed-core-10.1.5.jar:10.1.5]
	at org.apache.tomcat.util.threads.ThreadPoolExecutor.runWorker(ThreadPoolExecutor.java:1191) ~[tomcat-embed-core-10.1.5.jar:10.1.5]
	at org.apache.tomcat.util.threads.ThreadPoolExecutor$Worker.run(ThreadPoolExecutor.java:659) ~[tomcat-embed-core-10.1.5.jar:10.1.5]
	at org.apache.tomcat.util.threads.TaskThread$WrappingRunnable.run(TaskThread.java:61) ~[tomcat-embed-core-10.1.5.jar:10.1.5]
	at java.base/java.lang.Thread.run(Thread.java:842) ~[na:na]

2026-08-07T17:59:47.949+08:00  INFO 31892 --- [SpringApplicationShutdownHook] com.zaxxer.hikari.HikariDataSource       : HikariPool-1 - Shutdown initiated...
2026-08-07T17:59:47.955+08:00  INFO 31892 --- [SpringApplicationShutdownHook] com.zaxxer.hikari.HikariDataSource       : HikariPool-1 - Shutdown completed.
2026-08-07T17:59:51.968+08:00  INFO 5712 --- [main] c.zhengyang.PersonalDetailApplication    : Starting PersonalDetailApplication using Java 17.0.12 with PID 5712 (D:\IDEA\IDEAProject\personal_detail\personal-system\target\classes started by 35912 in D:\IDEA\IDEAProject\personal_detail)
2026-08-07T17:59:51.970+08:00  INFO 5712 --- [main] c.zhengyang.PersonalDetailApplication    : No active profile set, falling back to 1 default profile: "default"
2026-08-07T17:59:52.513+08:00  INFO 5712 --- [main] .s.d.r.c.RepositoryConfigurationDelegate : Multiple Spring Data modules found, entering strict repository configuration mode
2026-08-07T17:59:52.515+08:00  INFO 5712 --- [main] .s.d.r.c.RepositoryConfigurationDelegate : Bootstrapping Spring Data Redis repositories in DEFAULT mode.
2026-08-07T17:59:52.532+08:00  INFO 5712 --- [main] .s.d.r.c.RepositoryConfigurationDelegate : Finished Spring Data repository scanning in 6 ms. Found 0 Redis repository interfaces.
2026-08-07T17:59:52.979+08:00  INFO 5712 --- [main] o.s.b.w.embedded.tomcat.TomcatWebServer  : Tomcat initialized with port(s): 8080 (http)
2026-08-07T17:59:52.985+08:00  INFO 5712 --- [main] o.apache.catalina.core.StandardService   : Starting service [Tomcat]
2026-08-07T17:59:52.985+08:00  INFO 5712 --- [main] o.apache.catalina.core.StandardEngine    : Starting Servlet engine: [Apache Tomcat/10.1.5]
2026-08-07T17:59:53.053+08:00  INFO 5712 --- [main] o.a.c.c.C.[Tomcat].[localhost].[/]       : Initializing Spring embedded WebApplicationContext
2026-08-07T17:59:53.054+08:00  INFO 5712 --- [main] w.s.c.ServletWebServerApplicationContext : Root WebApplicationContext: initialization completed in 1038 ms
2026-08-07T17:59:55.228+08:00  INFO 5712 --- [main] o.s.b.w.embedded.tomcat.TomcatWebServer  : Tomcat started on port(s): 8080 (http) with context path ''
2026-08-07T17:59:55.238+08:00  INFO 5712 --- [main] c.zhengyang.PersonalDetailApplication    : Started PersonalDetailApplication in 3.604 seconds (process running for 4.03)
2026-08-07T18:00:00.443+08:00  INFO 5712 --- [http-nio-8080-exec-2] o.a.c.c.C.[Tomcat].[localhost].[/]       : Initializing Spring DispatcherServlet 'dispatcherServlet'
2026-08-07T18:00:00.443+08:00  INFO 5712 --- [http-nio-8080-exec-2] o.s.web.servlet.DispatcherServlet        : Initializing Servlet 'dispatcherServlet'
2026-08-07T18:00:00.445+08:00  INFO 5712 --- [http-nio-8080-exec-2] o.s.web.servlet.DispatcherServlet        : Completed initialization in 2 ms
2026-08-07T18:00:02.462+08:00  INFO 5712 --- [http-nio-8080-exec-2] com.zaxxer.hikari.HikariDataSource       : HikariPool-1 - Starting...
2026-08-07T18:00:02.988+08:00  INFO 5712 --- [http-nio-8080-exec-2] com.zaxxer.hikari.pool.HikariPool        : HikariPool-1 - Added connection com.mysql.cj.jdbc.ConnectionImpl@62c40f42
2026-08-07T18:00:02.991+08:00  INFO 5712 --- [http-nio-8080-exec-2] com.zaxxer.hikari.HikariDataSource       : HikariPool-1 - Start completed.
2026-08-07T18:00:03.303+08:00 ERROR 5712 --- [http-nio-8080-exec-2] o.a.c.c.C.[.[.[/].[dispatcherServlet]    : Servlet.service() for servlet [dispatcherServlet] in context with path [] threw exception [Request processing failed: org.springframework.dao.DataIntegrityViolationException: 
### Error updating database.  Cause: com.mysql.cj.jdbc.exceptions.MysqlDataTruncation: Data truncation: Incorrect datetime value: 'string' for column 'last_login_time' at row 1
### The error may exist in com/zhengyang/mapping/UserMapper.java (best guess)
### The error may involve com.zhengyang.mapping.UserMapper.insert-Inline
### The error occurred while setting parameters
### SQL: INSERT INTO sys_user  ( id, username, password, nickname, avatar, phone, email, status, create_time, update_time, last_login_time, last_login_ip, deleted )  VALUES (  ?, ?, ?, ?, ?, ?, ?, ?, ?, ?, ?, ?, ?  )
### Cause: com.mysql.cj.jdbc.exceptions.MysqlDataTruncation: Data truncation: Incorrect datetime value: 'string' for column 'last_login_time' at row 1
; Data truncation: Incorrect datetime value: 'string' for column 'last_login_time' at row 1] with root cause

com.mysql.cj.jdbc.exceptions.MysqlDataTruncation: Data truncation: Incorrect datetime value: 'string' for column 'last_login_time' at row 1
	at com.mysql.cj.jdbc.exceptions.SQLExceptionsMapping.translateException(SQLExceptionsMapping.java:104) ~[mysql-connector-j-8.0.32.jar:8.0.32]
	at com.mysql.cj.jdbc.ClientPreparedStatement.executeInternal(ClientPreparedStatement.java:916) ~[mysql-connector-j-8.0.32.jar:8.0.32]
	at com.mysql.cj.jdbc.ClientPreparedStatement.execute(ClientPreparedStatement.java:354) ~[mysql-connector-j-8.0.32.jar:8.0.32]
	at com.zaxxer.hikari.pool.ProxyPreparedStatement.execute(ProxyPreparedStatement.java:44) ~[HikariCP-5.0.1.jar:na]
	at com.zaxxer.hikari.pool.HikariProxyPreparedStatement.execute(HikariProxyPreparedStatement.java) ~[HikariCP-5.0.1.jar:na]
	at org.apache.ibatis.executor.statement.PreparedStatementHandler.update(PreparedStatementHandler.java:48) ~[mybatis-3.5.15.jar:3.5.15]
	at org.apache.ibatis.executor.statement.RoutingStatementHandler.update(RoutingStatementHandler.java:75) ~[mybatis-3.5.15.jar:3.5.15]
	at org.apache.ibatis.executor.SimpleExecutor.doUpdate(SimpleExecutor.java:50) ~[mybatis-3.5.15.jar:3.5.15]
	at org.apache.ibatis.executor.BaseExecutor.update(BaseExecutor.java:117) ~[mybatis-3.5.15.jar:3.5.15]
	at org.apache.ibatis.executor.CachingExecutor.update(CachingExecutor.java:76) ~[mybatis-3.5.15.jar:3.5.15]
	at org.apache.ibatis.session.defaults.DefaultSqlSession.update(DefaultSqlSession.java:197) ~[mybatis-3.5.15.jar:3.5.15]
	at org.apache.ibatis.session.defaults.DefaultSqlSession.insert(DefaultSqlSession.java:184) ~[mybatis-3.5.15.jar:3.5.15]
	at java.base/jdk.internal.reflect.NativeMethodAccessorImpl.invoke0(Native Method) ~[na:na]
	at java.base/jdk.internal.reflect.NativeMethodAccessorImpl.invoke(NativeMethodAccessorImpl.java:77) ~[na:na]
	at java.base/jdk.internal.reflect.DelegatingMethodAccessorImpl.invoke(DelegatingMethodAccessorImpl.java:43) ~[na:na]
	at java.base/java.lang.reflect.Method.invoke(Method.java:568) ~[na:na]
	at org.mybatis.spring.SqlSessionTemplate$SqlSessionInterceptor.invoke(SqlSessionTemplate.java:425) ~[mybatis-spring-2.1.2.jar:2.1.2]
	at jdk.proxy2/jdk.proxy2.$Proxy75.insert(Unknown Source) ~[na:na]
	at org.mybatis.spring.SqlSessionTemplate.insert(SqlSessionTemplate.java:272) ~[mybatis-spring-2.1.2.jar:2.1.2]
	at com.baomidou.mybatisplus.core.override.MybatisMapperMethod.execute(MybatisMapperMethod.java:59) ~[mybatis-plus-core-3.5.5.jar:3.5.5]
	at com.baomidou.mybatisplus.core.override.MybatisMapperProxy$PlainMethodInvoker.invoke(MybatisMapperProxy.java:152) ~[mybatis-plus-core-3.5.5.jar:3.5.5]
	at com.baomidou.mybatisplus.core.override.MybatisMapperProxy.invoke(MybatisMapperProxy.java:89) ~[mybatis-plus-core-3.5.5.jar:3.5.5]
	at jdk.proxy2/jdk.proxy2.$Proxy79.insert(Unknown Source) ~[na:na]
	at com.baomidou.mybatisplus.extension.service.IService.save(IService.java:60) ~[mybatis-plus-extension-3.5.5.jar:3.5.5]
	at com.zhengyang.service.serviceimpl.LoginServiceImpl.register(LoginServiceImpl.java:85) ~[classes/:na]
	at java.base/jdk.internal.reflect.NativeMethodAccessorImpl.invoke0(Native Method) ~[na:na]
	at java.base/jdk.internal.reflect.NativeMethodAccessorImpl.invoke(NativeMethodAccessorImpl.java:77) ~[na:na]
	at java.base/jdk.internal.reflect.DelegatingMethodAccessorImpl.invoke(DelegatingMethodAccessorImpl.java:43) ~[na:na]
	at java.base/java.lang.reflect.Method.invoke(Method.java:568) ~[na:na]
	at org.springframework.aop.support.AopUtils.invokeJoinpointUsingReflection(AopUtils.java:343) ~[spring-aop-6.0.4.jar:6.0.4]
	at org.springframework.aop.framework.ReflectiveMethodInvocation.invokeJoinpoint(ReflectiveMethodInvocation.java:196) ~[spring-aop-6.0.4.jar:6.0.4]
	at org.springframework.aop.framework.ReflectiveMethodInvocation.proceed(ReflectiveMethodInvocation.java:163) ~[spring-aop-6.0.4.jar:6.0.4]
	at org.springframework.aop.framework.CglibAopProxy$CglibMethodInvocation.proceed(CglibAopProxy.java:752) ~[spring-aop-6.0.4.jar:6.0.4]
	at org.springframework.transaction.interceptor.TransactionInterceptor$1.proceedWithInvocation(TransactionInterceptor.java:123) ~[spring-tx-6.0.4.jar:6.0.4]
	at org.springframework.transaction.interceptor.TransactionAspectSupport.invokeWithinTransaction(TransactionAspectSupport.java:388) ~[spring-tx-6.0.4.jar:6.0.4]
	at org.springframework.transaction.interceptor.TransactionInterceptor.invoke(TransactionInterceptor.java:119) ~[spring-tx-6.0.4.jar:6.0.4]
	at org.springframework.aop.framework.ReflectiveMethodInvocation.proceed(ReflectiveMethodInvocation.java:184) ~[spring-aop-6.0.4.jar:6.0.4]
	at org.springframework.aop.framework.CglibAopProxy$CglibMethodInvocation.proceed(CglibAopProxy.java:752) ~[spring-aop-6.0.4.jar:6.0.4]
	at org.springframework.aop.framework.CglibAopProxy$DynamicAdvisedInterceptor.intercept(CglibAopProxy.java:703) ~[spring-aop-6.0.4.jar:6.0.4]
	at com.zhengyang.service.serviceimpl.LoginServiceImpl$$SpringCGLIB$$0.register(<generated>) ~[classes/:na]
	at com.zhengyang.controller.LoginController.register(LoginController.java:47) ~[classes/:na]
	at java.base/jdk.internal.reflect.NativeMethodAccessorImpl.invoke0(Native Method) ~[na:na]
	at java.base/jdk.internal.reflect.NativeMethodAccessorImpl.invoke(NativeMethodAccessorImpl.java:77) ~[na:na]
	at java.base/jdk.internal.reflect.DelegatingMethodAccessorImpl.invoke(DelegatingMethodAccessorImpl.java:43) ~[na:na]
	at java.base/java.lang.reflect.Method.invoke(Method.java:568) ~[na:na]
	at org.springframework.web.method.support.InvocableHandlerMethod.doInvoke(InvocableHandlerMethod.java:207) ~[spring-web-6.0.4.jar:6.0.4]
	at org.springframework.web.method.support.InvocableHandlerMethod.invokeForRequest(InvocableHandlerMethod.java:152) ~[spring-web-6.0.4.jar:6.0.4]
	at org.springframework.web.servlet.mvc.method.annotation.ServletInvocableHandlerMethod.invokeAndHandle(ServletInvocableHandlerMethod.java:117) ~[spring-webmvc-6.0.4.jar:6.0.4]
	at org.springframework.web.servlet.mvc.method.annotation.RequestMappingHandlerAdapter.invokeHandlerMethod(RequestMappingHandlerAdapter.java:884) ~[spring-webmvc-6.0.4.jar:6.0.4]
	at org.springframework.web.servlet.mvc.method.annotation.RequestMappingHandlerAdapter.handleInternal(RequestMappingHandlerAdapter.java:797) ~[spring-webmvc-6.0.4.jar:6.0.4]
	at org.springframework.web.servlet.mvc.method.AbstractHandlerMethodAdapter.handle(AbstractHandlerMethodAdapter.java:87) ~[spring-webmvc-6.0.4.jar:6.0.4]
	at org.springframework.web.servlet.DispatcherServlet.doDispatch(DispatcherServlet.java:1080) ~[spring-webmvc-6.0.4.jar:6.0.4]
	at org.springframework.web.servlet.DispatcherServlet.doService(DispatcherServlet.java:973) ~[spring-webmvc-6.0.4.jar:6.0.4]
	at org.springframework.web.servlet.FrameworkServlet.processRequest(FrameworkServlet.java:1011) ~[spring-webmvc-6.0.4.jar:6.0.4]
	at org.springframework.web.servlet.FrameworkServlet.doPost(FrameworkServlet.java:914) ~[spring-webmvc-6.0.4.jar:6.0.4]
	at jakarta.servlet.http.HttpServlet.service(HttpServlet.java:731) ~[tomcat-embed-core-10.1.5.jar:6.0]
	at org.springframework.web.servlet.FrameworkServlet.service(FrameworkServlet.java:885) ~[spring-webmvc-6.0.4.jar:6.0.4]
	at jakarta.servlet.http.HttpServlet.service(HttpServlet.java:814) ~[tomcat-embed-core-10.1.5.jar:6.0]
	at org.apache.catalina.core.ApplicationFilterChain.internalDoFilter(ApplicationFilterChain.java:223) ~[tomcat-embed-core-10.1.5.jar:10.1.5]
	at org.apache.catalina.core.ApplicationFilterChain.doFilter(ApplicationFilterChain.java:158) ~[tomcat-embed-core-10.1.5.jar:10.1.5]
	at org.apache.tomcat.websocket.server.WsFilter.doFilter(WsFilter.java:53) ~[tomcat-embed-websocket-10.1.5.jar:10.1.5]
	at org.apache.catalina.core.ApplicationFilterChain.internalDoFilter(ApplicationFilterChain.java:185) ~[tomcat-embed-core-10.1.5.jar:10.1.5]
	at org.apache.catalina.core.ApplicationFilterChain.doFilter(ApplicationFilterChain.java:158) ~[tomcat-embed-core-10.1.5.jar:10.1.5]
	at org.springframework.web.filter.RequestContextFilter.doFilterInternal(RequestContextFilter.java:100) ~[spring-web-6.0.4.jar:6.0.4]
	at org.springframework.web.filter.OncePerRequestFilter.doFilter(OncePerRequestFilter.java:116) ~[spring-web-6.0.4.jar:6.0.4]
	at org.apache.catalina.core.ApplicationFilterChain.internalDoFilter(ApplicationFilterChain.java:185) ~[tomcat-embed-core-10.1.5.jar:10.1.5]
	at org.apache.catalina.core.ApplicationFilterChain.doFilter(ApplicationFilterChain.java:158) ~[tomcat-embed-core-10.1.5.jar:10.1.5]
	at org.springframework.web.filter.FormContentFilter.doFilterInternal(FormContentFilter.java:93) ~[spring-web-6.0.4.jar:6.0.4]
	at org.springframework.web.filter.OncePerRequestFilter.doFilter(OncePerRequestFilter.java:116) ~[spring-web-6.0.4.jar:6.0.4]
	at org.apache.catalina.core.ApplicationFilterChain.internalDoFilter(ApplicationFilterChain.java:185) ~[tomcat-embed-core-10.1.5.jar:10.1.5]
	at org.apache.catalina.core.ApplicationFilterChain.doFilter(ApplicationFilterChain.java:158) ~[tomcat-embed-core-10.1.5.jar:10.1.5]
	at org.springframework.web.filter.CharacterEncodingFilter.doFilterInternal(CharacterEncodingFilter.java:201) ~[spring-web-6.0.4.jar:6.0.4]
	at org.springframework.web.filter.OncePerRequestFilter.doFilter(OncePerRequestFilter.java:116) ~[spring-web-6.0.4.jar:6.0.4]
	at org.apache.catalina.core.ApplicationFilterChain.internalDoFilter(ApplicationFilterChain.java:185) ~[tomcat-embed-core-10.1.5.jar:10.1.5]
	at org.apache.catalina.core.ApplicationFilterChain.doFilter(ApplicationFilterChain.java:158) ~[tomcat-embed-core-10.1.5.jar:10.1.5]
	at org.apache.catalina.core.StandardWrapperValve.invoke(StandardWrapperValve.java:177) ~[tomcat-embed-core-10.1.5.jar:10.1.5]
	at org.apache.catalina.core.StandardContextValve.invoke(StandardContextValve.java:97) ~[tomcat-embed-core-10.1.5.jar:10.1.5]
	at org.apache.catalina.authenticator.AuthenticatorBase.invoke(AuthenticatorBase.java:542) ~[tomcat-embed-core-10.1.5.jar:10.1.5]
	at org.apache.catalina.core.StandardHostValve.invoke(StandardHostValve.java:119) ~[tomcat-embed-core-10.1.5.jar:10.1.5]
	at org.apache.catalina.valves.ErrorReportValve.invoke(ErrorReportValve.java:92) ~[tomcat-embed-core-10.1.5.jar:10.1.5]
	at org.apache.catalina.core.StandardEngineValve.invoke(StandardEngineValve.java:78) ~[tomcat-embed-core-10.1.5.jar:10.1.5]
	at org.apache.catalina.connector.CoyoteAdapter.service(CoyoteAdapter.java:357) ~[tomcat-embed-core-10.1.5.jar:10.1.5]
	at org.apache.coyote.http11.Http11Processor.service(Http11Processor.java:400) ~[tomcat-embed-core-10.1.5.jar:10.1.5]
	at org.apache.coyote.AbstractProcessorLight.process(AbstractProcessorLight.java:65) ~[tomcat-embed-core-10.1.5.jar:10.1.5]
	at org.apache.coyote.AbstractProtocol$ConnectionHandler.process(AbstractProtocol.java:859) ~[tomcat-embed-core-10.1.5.jar:10.1.5]
	at org.apache.tomcat.util.net.NioEndpoint$SocketProcessor.doRun(NioEndpoint.java:1734) ~[tomcat-embed-core-10.1.5.jar:10.1.5]
	at org.apache.tomcat.util.net.SocketProcessorBase.run(SocketProcessorBase.java:52) ~[tomcat-embed-core-10.1.5.jar:10.1.5]
	at org.apache.tomcat.util.threads.ThreadPoolExecutor.runWorker(ThreadPoolExecutor.java:1191) ~[tomcat-embed-core-10.1.5.jar:10.1.5]
	at org.apache.tomcat.util.threads.ThreadPoolExecutor$Worker.run(ThreadPoolExecutor.java:659) ~[tomcat-embed-core-10.1.5.jar:10.1.5]
	at org.apache.tomcat.util.threads.TaskThread$WrappingRunnable.run(TaskThread.java:61) ~[tomcat-embed-core-10.1.5.jar:10.1.5]
	at java.base/java.lang.Thread.run(Thread.java:842) ~[na:na]

2026-08-07T18:01:13.268+08:00  INFO 5712 --- [SpringApplicationShutdownHook] com.zaxxer.hikari.HikariDataSource       : HikariPool-1 - Shutdown initiated...
2026-08-07T18:01:13.275+08:00  INFO 5712 --- [SpringApplicationShutdownHook] com.zaxxer.hikari.HikariDataSource       : HikariPool-1 - Shutdown completed.
2026-08-07T18:07:07.641+08:00  INFO 17800 --- [main] c.zhengyang.PersonalDetailApplication    : Starting PersonalDetailApplication using Java 17.0.12 with PID 17800 (D:\IDEA\IDEAProject\personal_detail\personal-system\target\classes started by 35912 in D:\IDEA\IDEAProject\personal_detail)
2026-08-07T18:07:07.644+08:00  INFO 17800 --- [main] c.zhengyang.PersonalDetailApplication    : No active profile set, falling back to 1 default profile: "default"
2026-08-07T18:07:08.199+08:00  INFO 17800 --- [main] .s.d.r.c.RepositoryConfigurationDelegate : Multiple Spring Data modules found, entering strict repository configuration mode
2026-08-07T18:07:08.201+08:00  INFO 17800 --- [main] .s.d.r.c.RepositoryConfigurationDelegate : Bootstrapping Spring Data Redis repositories in DEFAULT mode.
2026-08-07T18:07:08.221+08:00  INFO 17800 --- [main] .s.d.r.c.RepositoryConfigurationDelegate : Finished Spring Data repository scanning in 7 ms. Found 0 Redis repository interfaces.
2026-08-07T18:07:08.677+08:00  INFO 17800 --- [main] o.s.b.w.embedded.tomcat.TomcatWebServer  : Tomcat initialized with port(s): 8080 (http)
2026-08-07T18:07:08.684+08:00  INFO 17800 --- [main] o.apache.catalina.core.StandardService   : Starting service [Tomcat]
2026-08-07T18:07:08.684+08:00  INFO 17800 --- [main] o.apache.catalina.core.StandardEngine    : Starting Servlet engine: [Apache Tomcat/10.1.5]
2026-08-07T18:07:08.749+08:00  INFO 17800 --- [main] o.a.c.c.C.[Tomcat].[localhost].[/]       : Initializing Spring embedded WebApplicationContext
2026-08-07T18:07:08.750+08:00  INFO 17800 --- [main] w.s.c.ServletWebServerApplicationContext : Root WebApplicationContext: initialization completed in 1075 ms
2026-08-07T18:07:11.099+08:00  INFO 17800 --- [main] o.s.b.w.embedded.tomcat.TomcatWebServer  : Tomcat started on port(s): 8080 (http) with context path ''
2026-08-07T18:07:11.116+08:00  INFO 17800 --- [main] c.zhengyang.PersonalDetailApplication    : Started PersonalDetailApplication in 3.82 seconds (process running for 4.272)
2026-08-07T18:07:15.061+08:00  INFO 17800 --- [http-nio-8080-exec-2] o.a.c.c.C.[Tomcat].[localhost].[/]       : Initializing Spring DispatcherServlet 'dispatcherServlet'
2026-08-07T18:07:15.061+08:00  INFO 17800 --- [http-nio-8080-exec-2] o.s.web.servlet.DispatcherServlet        : Initializing Servlet 'dispatcherServlet'
2026-08-07T18:07:15.061+08:00  INFO 17800 --- [http-nio-8080-exec-2] o.s.web.servlet.DispatcherServlet        : Completed initialization in 0 ms
2026-08-07T18:07:15.296+08:00  WARN 17800 --- [http-nio-8080-exec-2] .w.s.m.s.DefaultHandlerExceptionResolver : Resolved [org.springframework.http.converter.HttpMessageNotReadableException: JSON parse error: Cannot deserialize value of type `java.time.LocalDateTime` from String "string": Failed to deserialize java.time.LocalDateTime: (java.time.format.DateTimeParseException) Text 'string' could not be parsed at index 0]
2026-08-07T18:07:26.417+08:00  WARN 17800 --- [http-nio-8080-exec-4] .w.s.m.s.DefaultHandlerExceptionResolver : Resolved [org.springframework.http.converter.HttpMessageNotReadableException: JSON parse error: Cannot deserialize value of type `java.time.LocalDateTime` from String "string": Failed to deserialize java.time.LocalDateTime: (java.time.format.DateTimeParseException) Text 'string' could not be parsed at index 0]
2026-08-07T18:11:08.536+08:00  INFO 20128 --- [main] c.zhengyang.PersonalDetailApplication    : Starting PersonalDetailApplication using Java 17.0.12 with PID 20128 (D:\IDEA\IDEAProject\personal_detail\personal-system\target\classes started by 35912 in D:\IDEA\IDEAProject\personal_detail)
2026-08-07T18:11:08.538+08:00  INFO 20128 --- [main] c.zhengyang.PersonalDetailApplication    : No active profile set, falling back to 1 default profile: "default"
2026-08-07T18:11:09.060+08:00  INFO 20128 --- [main] .s.d.r.c.RepositoryConfigurationDelegate : Multiple Spring Data modules found, entering strict repository configuration mode
2026-08-07T18:11:09.062+08:00  INFO 20128 --- [main] .s.d.r.c.RepositoryConfigurationDelegate : Bootstrapping Spring Data Redis repositories in DEFAULT mode.
2026-08-07T18:11:09.080+08:00  INFO 20128 --- [main] .s.d.r.c.RepositoryConfigurationDelegate : Finished Spring Data repository scanning in 6 ms. Found 0 Redis repository interfaces.
2026-08-07T18:11:09.491+08:00  INFO 20128 --- [main] o.s.b.w.embedded.tomcat.TomcatWebServer  : Tomcat initialized with port(s): 8080 (http)
2026-08-07T18:11:09.497+08:00  INFO 20128 --- [main] o.apache.catalina.core.StandardService   : Starting service [Tomcat]
2026-08-07T18:11:09.497+08:00  INFO 20128 --- [main] o.apache.catalina.core.StandardEngine    : Starting Servlet engine: [Apache Tomcat/10.1.5]
2026-08-07T18:11:09.563+08:00  INFO 20128 --- [main] o.a.c.c.C.[Tomcat].[localhost].[/]       : Initializing Spring embedded WebApplicationContext
2026-08-07T18:11:09.564+08:00  INFO 20128 --- [main] w.s.c.ServletWebServerApplicationContext : Root WebApplicationContext: initialization completed in 996 ms
2026-08-07T18:11:11.617+08:00  INFO 20128 --- [main] o.s.b.w.embedded.tomcat.TomcatWebServer  : Tomcat started on port(s): 8080 (http) with context path ''
2026-08-07T18:11:11.626+08:00  INFO 20128 --- [main] c.zhengyang.PersonalDetailApplication    : Started PersonalDetailApplication in 3.422 seconds (process running for 3.86)
2026-08-07T18:12:03.552+08:00  INFO 20128 --- [http-nio-8080-exec-1] o.a.c.c.C.[Tomcat].[localhost].[/]       : Initializing Spring DispatcherServlet 'dispatcherServlet'
2026-08-07T18:12:03.552+08:00  INFO 20128 --- [http-nio-8080-exec-1] o.s.web.servlet.DispatcherServlet        : Initializing Servlet 'dispatcherServlet'
2026-08-07T18:12:03.554+08:00  INFO 20128 --- [http-nio-8080-exec-1] o.s.web.servlet.DispatcherServlet        : Completed initialization in 0 ms
2026-08-07T18:12:03.810+08:00  WARN 20128 --- [http-nio-8080-exec-1] .w.s.m.s.DefaultHandlerExceptionResolver : Resolved [org.springframework.http.converter.HttpMessageNotReadableException: JSON parse error: Cannot deserialize value of type `java.time.LocalDateTime` from String "string": Failed to deserialize java.time.LocalDateTime: (java.time.format.DateTimeParseException) Text 'string' could not be parsed at index 0]
2026-08-07T18:14:30.994+08:00  INFO 30464 --- [main] c.zhengyang.PersonalDetailApplication    : Starting PersonalDetailApplication using Java 17.0.12 with PID 30464 (D:\IDEA\IDEAProject\personal_detail\personal-system\target\classes started by 35912 in D:\IDEA\IDEAProject\personal_detail)
2026-08-07T18:14:30.996+08:00  INFO 30464 --- [main] c.zhengyang.PersonalDetailApplication    : No active profile set, falling back to 1 default profile: "default"
2026-08-07T18:14:31.535+08:00  INFO 30464 --- [main] .s.d.r.c.RepositoryConfigurationDelegate : Multiple Spring Data modules found, entering strict repository configuration mode
2026-08-07T18:14:31.538+08:00  INFO 30464 --- [main] .s.d.r.c.RepositoryConfigurationDelegate : Bootstrapping Spring Data Redis repositories in DEFAULT mode.
2026-08-07T18:14:31.556+08:00  INFO 30464 --- [main] .s.d.r.c.RepositoryConfigurationDelegate : Finished Spring Data repository scanning in 6 ms. Found 0 Redis repository interfaces.
2026-08-07T18:14:31.977+08:00  INFO 30464 --- [main] o.s.b.w.embedded.tomcat.TomcatWebServer  : Tomcat initialized with port(s): 8080 (http)
2026-08-07T18:14:31.984+08:00  INFO 30464 --- [main] o.apache.catalina.core.StandardService   : Starting service [Tomcat]
2026-08-07T18:14:31.985+08:00  INFO 30464 --- [main] o.apache.catalina.core.StandardEngine    : Starting Servlet engine: [Apache Tomcat/10.1.5]
2026-08-07T18:14:32.049+08:00  INFO 30464 --- [main] o.a.c.c.C.[Tomcat].[localhost].[/]       : Initializing Spring embedded WebApplicationContext
2026-08-07T18:14:32.049+08:00  INFO 30464 --- [main] w.s.c.ServletWebServerApplicationContext : Root WebApplicationContext: initialization completed in 1020 ms
2026-08-07T18:14:34.446+08:00  INFO 30464 --- [main] o.s.b.w.embedded.tomcat.TomcatWebServer  : Tomcat started on port(s): 8080 (http) with context path ''
2026-08-07T18:14:34.459+08:00  INFO 30464 --- [main] c.zhengyang.PersonalDetailApplication    : Started PersonalDetailApplication in 3.85 seconds (process running for 4.39)
2026-08-07T18:14:38.507+08:00  INFO 30464 --- [http-nio-8080-exec-1] o.a.c.c.C.[Tomcat].[localhost].[/]       : Initializing Spring DispatcherServlet 'dispatcherServlet'
2026-08-07T18:14:38.507+08:00  INFO 30464 --- [http-nio-8080-exec-1] o.s.web.servlet.DispatcherServlet        : Initializing Servlet 'dispatcherServlet'
2026-08-07T18:14:38.509+08:00  INFO 30464 --- [http-nio-8080-exec-1] o.s.web.servlet.DispatcherServlet        : Completed initialization in 0 ms
2026-08-07T18:14:41.391+08:00  INFO 30464 --- [http-nio-8080-exec-1] com.zaxxer.hikari.HikariDataSource       : HikariPool-1 - Starting...
2026-08-07T18:14:41.953+08:00  INFO 30464 --- [http-nio-8080-exec-1] com.zaxxer.hikari.pool.HikariPool        : HikariPool-1 - Added connection com.mysql.cj.jdbc.ConnectionImpl@3143c7ec
2026-08-07T18:14:41.956+08:00  INFO 30464 --- [http-nio-8080-exec-1] com.zaxxer.hikari.HikariDataSource       : HikariPool-1 - Start completed.
2026-08-07T18:15:06.579+08:00  INFO 30464 --- [http-nio-8080-exec-3] c.z.s.serviceimpl.LoginServiceImpl       : 用户名已存在
2026-08-07T18:17:06.322+08:00  WARN 30464 --- [http-nio-8080-exec-6] ocalVariableTableParameterNameDiscoverer : Using deprecated '-debug' fallback for parameter name resolution. Compile the affected code with '-parameters' instead or avoid its introspection: com.zhengyang.controller.LoginController
2026-08-07T18:17:08.944+08:00 ERROR 30464 --- [http-nio-8080-exec-6] c.z.s.serviceimpl.LoginServiceImpl       : 密码错误
2026-08-07T18:24:58.907+08:00  INFO 30464 --- [SpringApplicationShutdownHook] com.zaxxer.hikari.HikariDataSource       : HikariPool-1 - Shutdown initiated...
2026-08-07T18:24:58.914+08:00  INFO 30464 --- [SpringApplicationShutdownHook] com.zaxxer.hikari.HikariDataSource       : HikariPool-1 - Shutdown completed.
2026-08-07T18:26:14.266+08:00  INFO 31700 --- [main] c.zhengyang.PersonalDetailApplication    : Starting PersonalDetailApplication using Java 17.0.12 with PID 31700 (D:\IDEA\IDEAProject\personal_detail\personal-system\target\classes started by 35912 in D:\IDEA\IDEAProject\personal_detail)
2026-08-07T18:26:14.268+08:00  INFO 31700 --- [main] c.zhengyang.PersonalDetailApplication    : No active profile set, falling back to 1 default profile: "default"
2026-08-07T18:26:14.832+08:00  INFO 31700 --- [main] .s.d.r.c.RepositoryConfigurationDelegate : Multiple Spring Data modules found, entering strict repository configuration mode
2026-08-07T18:26:14.834+08:00  INFO 31700 --- [main] .s.d.r.c.RepositoryConfigurationDelegate : Bootstrapping Spring Data Redis repositories in DEFAULT mode.
2026-08-07T18:26:14.852+08:00  INFO 31700 --- [main] .s.d.r.c.RepositoryConfigurationDelegate : Finished Spring Data repository scanning in 6 ms. Found 0 Redis repository interfaces.
2026-08-07T18:26:15.335+08:00  INFO 31700 --- [main] o.s.b.w.embedded.tomcat.TomcatWebServer  : Tomcat initialized with port(s): 8080 (http)
2026-08-07T18:26:15.352+08:00  INFO 31700 --- [main] o.apache.catalina.core.StandardService   : Starting service [Tomcat]
2026-08-07T18:26:15.353+08:00  INFO 31700 --- [main] o.apache.catalina.core.StandardEngine    : Starting Servlet engine: [Apache Tomcat/10.1.5]
2026-08-07T18:26:15.424+08:00  INFO 31700 --- [main] o.a.c.c.C.[Tomcat].[localhost].[/]       : Initializing Spring embedded WebApplicationContext
2026-08-07T18:26:15.425+08:00  INFO 31700 --- [main] w.s.c.ServletWebServerApplicationContext : Root WebApplicationContext: initialization completed in 1125 ms
2026-08-07T18:26:17.961+08:00  INFO 31700 --- [main] o.s.b.w.embedded.tomcat.TomcatWebServer  : Tomcat started on port(s): 8080 (http) with context path ''
2026-08-07T18:26:17.972+08:00  INFO 31700 --- [main] c.zhengyang.PersonalDetailApplication    : Started PersonalDetailApplication in 4.042 seconds (process running for 4.532)
2026-08-07T18:26:21.247+08:00  INFO 31700 --- [http-nio-8080-exec-1] o.a.c.c.C.[Tomcat].[localhost].[/]       : Initializing Spring DispatcherServlet 'dispatcherServlet'
2026-08-07T18:26:21.247+08:00  INFO 31700 --- [http-nio-8080-exec-1] o.s.web.servlet.DispatcherServlet        : Initializing Servlet 'dispatcherServlet'
2026-08-07T18:26:21.253+08:00  INFO 31700 --- [http-nio-8080-exec-1] o.s.web.servlet.DispatcherServlet        : Completed initialization in 6 ms
2026-08-07T18:26:21.320+08:00  WARN 31700 --- [http-nio-8080-exec-1] ocalVariableTableParameterNameDiscoverer : Using deprecated '-debug' fallback for parameter name resolution. Compile the affected code with '-parameters' instead or avoid its introspection: com.zhengyang.controller.LoginController
2026-08-07T18:26:24.190+08:00  INFO 31700 --- [http-nio-8080-exec-1] com.zaxxer.hikari.HikariDataSource       : HikariPool-1 - Starting...
2026-08-07T18:26:24.733+08:00  INFO 31700 --- [http-nio-8080-exec-1] com.zaxxer.hikari.pool.HikariPool        : HikariPool-1 - Added connection com.mysql.cj.jdbc.ConnectionImpl@70c8f5bf
2026-08-07T18:26:24.736+08:00  INFO 31700 --- [http-nio-8080-exec-1] com.zaxxer.hikari.HikariDataSource       : HikariPool-1 - Start completed.
2026-08-07T18:26:26.085+08:00 ERROR 31700 --- [http-nio-8080-exec-1] o.a.c.c.C.[.[.[/].[dispatcherServlet]    : Servlet.service() for servlet [dispatcherServlet] in context with path [] threw exception [Request processing failed: org.springframework.data.redis.RedisConnectionFailureException: Unable to connect to Redis] with root cause

io.lettuce.core.RedisCommandExecutionException: ERR invalid password
	at io.lettuce.core.internal.ExceptionFactory.createExecutionException(ExceptionFactory.java:147) ~[lettuce-core-6.2.2.RELEASE.jar:6.2.2.RELEASE]
	at io.lettuce.core.internal.ExceptionFactory.createExecutionException(ExceptionFactory.java:116) ~[lettuce-core-6.2.2.RELEASE.jar:6.2.2.RELEASE]
	at io.lettuce.core.protocol.AsyncCommand.completeResult(AsyncCommand.java:120) ~[lettuce-core-6.2.2.RELEASE.jar:6.2.2.RELEASE]
	at io.lettuce.core.protocol.AsyncCommand.complete(AsyncCommand.java:111) ~[lettuce-core-6.2.2.RELEASE.jar:6.2.2.RELEASE]
	at io.lettuce.core.protocol.CommandHandler.complete(CommandHandler.java:747) ~[lettuce-core-6.2.2.RELEASE.jar:6.2.2.RELEASE]
	at io.lettuce.core.protocol.CommandHandler.decode(CommandHandler.java:682) ~[lettuce-core-6.2.2.RELEASE.jar:6.2.2.RELEASE]
	at io.lettuce.core.protocol.CommandHandler.channelRead(CommandHandler.java:599) ~[lettuce-core-6.2.2.RELEASE.jar:6.2.2.RELEASE]
	at io.netty.channel.AbstractChannelHandlerContext.invokeChannelRead(AbstractChannelHandlerContext.java:442) ~[netty-transport-4.1.87.Final.jar:4.1.87.Final]
	at io.netty.channel.AbstractChannelHandlerContext.invokeChannelRead(AbstractChannelHandlerContext.java:420) ~[netty-transport-4.1.87.Final.jar:4.1.87.Final]
	at io.netty.channel.AbstractChannelHandlerContext.fireChannelRead(AbstractChannelHandlerContext.java:412) ~[netty-transport-4.1.87.Final.jar:4.1.87.Final]
	at io.netty.channel.DefaultChannelPipeline$HeadContext.channelRead(DefaultChannelPipeline.java:1410) ~[netty-transport-4.1.87.Final.jar:4.1.87.Final]
	at io.netty.channel.AbstractChannelHandlerContext.invokeChannelRead(AbstractChannelHandlerContext.java:440) ~[netty-transport-4.1.87.Final.jar:4.1.87.Final]
	at io.netty.channel.AbstractChannelHandlerContext.invokeChannelRead(AbstractChannelHandlerContext.java:420) ~[netty-transport-4.1.87.Final.jar:4.1.87.Final]
	at io.netty.channel.DefaultChannelPipeline.fireChannelRead(DefaultChannelPipeline.java:919) ~[netty-transport-4.1.87.Final.jar:4.1.87.Final]
	at io.netty.channel.nio.AbstractNioByteChannel$NioByteUnsafe.read(AbstractNioByteChannel.java:166) ~[netty-transport-4.1.87.Final.jar:4.1.87.Final]
	at io.netty.channel.nio.NioEventLoop.processSelectedKey(NioEventLoop.java:788) ~[netty-transport-4.1.87.Final.jar:4.1.87.Final]
	at io.netty.channel.nio.NioEventLoop.processSelectedKeysOptimized(NioEventLoop.java:724) ~[netty-transport-4.1.87.Final.jar:4.1.87.Final]
	at io.netty.channel.nio.NioEventLoop.processSelectedKeys(NioEventLoop.java:650) ~[netty-transport-4.1.87.Final.jar:4.1.87.Final]
	at io.netty.channel.nio.NioEventLoop.run(NioEventLoop.java:562) ~[netty-transport-4.1.87.Final.jar:4.1.87.Final]
	at io.netty.util.concurrent.SingleThreadEventExecutor$4.run(SingleThreadEventExecutor.java:997) ~[netty-common-4.1.87.Final.jar:4.1.87.Final]
	at io.netty.util.internal.ThreadExecutorMap$2.run(ThreadExecutorMap.java:74) ~[netty-common-4.1.87.Final.jar:4.1.87.Final]
	at io.netty.util.concurrent.FastThreadLocalRunnable.run(FastThreadLocalRunnable.java:30) ~[netty-common-4.1.87.Final.jar:4.1.87.Final]
	at java.base/java.lang.Thread.run(Thread.java:842) ~[na:na]

2026-08-07T18:28:52.086+08:00  INFO 31700 --- [SpringApplicationShutdownHook] com.zaxxer.hikari.HikariDataSource       : HikariPool-1 - Shutdown initiated...
2026-08-07T18:28:52.092+08:00  INFO 31700 --- [SpringApplicationShutdownHook] com.zaxxer.hikari.HikariDataSource       : HikariPool-1 - Shutdown completed.
2026-08-07T18:28:55.084+08:00  INFO 7800 --- [main] c.zhengyang.PersonalDetailApplication    : Starting PersonalDetailApplication using Java 17.0.12 with PID 7800 (D:\IDEA\IDEAProject\personal_detail\personal-system\target\classes started by 35912 in D:\IDEA\IDEAProject\personal_detail)
2026-08-07T18:28:55.086+08:00  INFO 7800 --- [main] c.zhengyang.PersonalDetailApplication    : No active profile set, falling back to 1 default profile: "default"
2026-08-07T18:28:55.611+08:00  INFO 7800 --- [main] .s.d.r.c.RepositoryConfigurationDelegate : Multiple Spring Data modules found, entering strict repository configuration mode
2026-08-07T18:28:55.613+08:00  INFO 7800 --- [main] .s.d.r.c.RepositoryConfigurationDelegate : Bootstrapping Spring Data Redis repositories in DEFAULT mode.
2026-08-07T18:28:55.632+08:00  INFO 7800 --- [main] .s.d.r.c.RepositoryConfigurationDelegate : Finished Spring Data repository scanning in 7 ms. Found 0 Redis repository interfaces.
2026-08-07T18:28:56.070+08:00  INFO 7800 --- [main] o.s.b.w.embedded.tomcat.TomcatWebServer  : Tomcat initialized with port(s): 8080 (http)
2026-08-07T18:28:56.079+08:00  INFO 7800 --- [main] o.apache.catalina.core.StandardService   : Starting service [Tomcat]
2026-08-07T18:28:56.079+08:00  INFO 7800 --- [main] o.apache.catalina.core.StandardEngine    : Starting Servlet engine: [Apache Tomcat/10.1.5]
2026-08-07T18:28:56.143+08:00  INFO 7800 --- [main] o.a.c.c.C.[Tomcat].[localhost].[/]       : Initializing Spring embedded WebApplicationContext
2026-08-07T18:28:56.144+08:00  INFO 7800 --- [main] w.s.c.ServletWebServerApplicationContext : Root WebApplicationContext: initialization completed in 1027 ms
2026-08-07T18:28:58.882+08:00  INFO 7800 --- [main] o.s.b.w.embedded.tomcat.TomcatWebServer  : Tomcat started on port(s): 8080 (http) with context path ''
2026-08-07T18:28:58.892+08:00  INFO 7800 --- [main] c.zhengyang.PersonalDetailApplication    : Started PersonalDetailApplication in 4.142 seconds (process running for 4.576)
2026-08-07T18:29:02.779+08:00  INFO 7800 --- [http-nio-8080-exec-2] o.a.c.c.C.[Tomcat].[localhost].[/]       : Initializing Spring DispatcherServlet 'dispatcherServlet'
2026-08-07T18:29:02.779+08:00  INFO 7800 --- [http-nio-8080-exec-2] o.s.web.servlet.DispatcherServlet        : Initializing Servlet 'dispatcherServlet'
2026-08-07T18:29:02.780+08:00  INFO 7800 --- [http-nio-8080-exec-2] o.s.web.servlet.DispatcherServlet        : Completed initialization in 1 ms
2026-08-07T18:29:02.907+08:00  WARN 7800 --- [http-nio-8080-exec-2] ocalVariableTableParameterNameDiscoverer : Using deprecated '-debug' fallback for parameter name resolution. Compile the affected code with '-parameters' instead or avoid its introspection: com.zhengyang.controller.LoginController
2026-08-07T18:29:05.019+08:00  INFO 7800 --- [http-nio-8080-exec-2] com.zaxxer.hikari.HikariDataSource       : HikariPool-1 - Starting...
2026-08-07T18:29:05.555+08:00  INFO 7800 --- [http-nio-8080-exec-2] com.zaxxer.hikari.pool.HikariPool        : HikariPool-1 - Added connection com.mysql.cj.jdbc.ConnectionImpl@7450356b
2026-08-07T18:29:05.558+08:00  INFO 7800 --- [http-nio-8080-exec-2] com.zaxxer.hikari.HikariDataSource       : HikariPool-1 - Start completed.
2026-08-07T18:29:06.760+08:00  INFO 7800 --- [http-nio-8080-exec-2] c.z.s.serviceimpl.LoginServiceImpl       : 登录成功，token：eyJhbGciOiJIUzI1NiJ9.eyJ1c2VySWQiOjEsInVzZXJuYW1lIjoiamFkbWluIiwic3ViIjoiamFkbWluIiwiaWF0IjoxNzg2MDk4NTQ1LCJleHAiOjE3ODYxMDU3NDV9.InRBLf7bpUgGIRVcTncl-vZPKoYgwz58NuezWQMHQ2o
2026-08-07T18:29:18.018+08:00  INFO 7800 --- [SpringApplicationShutdownHook] com.zaxxer.hikari.HikariDataSource       : HikariPool-1 - Shutdown initiated...
2026-08-07T18:29:18.025+08:00  INFO 7800 --- [SpringApplicationShutdownHook] com.zaxxer.hikari.HikariDataSource       : HikariPool-1 - Shutdown completed.
